"id","title","price","meters","rooms","address","area","link"
"94523909","Wohnen mitten im Stuttgarter Westen","320000","80","3","Ludwig-Pfau-Strasse 0, West, Stuttgart","48.7812488 9.1599121","http://www.immobilienscout24.de/expose/94523909"
"94522851","3-Zimmer-Wohnung in Stuttgart-Weilimdorf an Kapitalanleger zu verkaufen.","355000","82","3","Wolfbusch, Stuttgart","48.80285 9.11095","http://www.immobilienscout24.de/expose/94522851"
"94521206","Wunderschöne 4-Zimmer-Altbauwohnung mit 2 Balkonen und Ausblick","425000","106","4","Rosenbergstraße 101, West, Stuttgart","48.77717 9.15302","http://www.immobilienscout24.de/expose/94521206"
"94512728","Schöne drei Zimmer Wohnung in Stuttgart Riedenberg","217000","75","3","Brunnenwiesenstraße 25, Riedenberg, Stuttgart","Riedenberg","http://www.immobilienscout24.de/expose/94512728"
"94507762","Neuwertig Lichtdurchflutet! Wohnen auf 2 Ebenen in bester Lage von Stuttgart-Riedenberg!","550000","119","4","Riedenberg, Stuttgart","48.7361281 9.2109935","http://www.immobilienscout24.de/expose/94507762"
"94506977","Traumwohnung am Probstsee (Seepark Suiten). 35 Zi-EG-Whg. (ca. 113 qm) mit Terrasse!","565000","113","3","Möhringen, Stuttgart","48.7236185 9.1459902","http://www.immobilienscout24.de/expose/94506977"
"94503522","TRAUMLOFT IM WESTEN - NAHE BOSCH AREAL","595000","160","4","West, Stuttgart","48.7670839 9.1087963","http://www.immobilienscout24.de/expose/94503522"
"94499724","Verkaufe 1 ZW Stuttgart -Mitte -Ost  an Kapitalanleger nur € 125.000","125000","29","1","Mitte, Stuttgart","48.7791249 9.1800904","http://www.immobilienscout24.de/expose/94499724"
"94493906","Super 3 Zimmer-Wohnung mitten in Stuttgart WG-tauglich","329000","71","3","Mitte, Stuttgart","48.7791249 9.1800904","http://www.immobilienscout24.de/expose/94493906"
"94493387","* Frühlingsstart auf der XXL - Terrasse *","349000","88","3","Nord, Stuttgart","48.7927231 9.1684625","http://www.immobilienscout24.de/expose/94493387"
"94490010","Beste Lage UND Beste Aussicht - Penthouse am Killesberg","1189000","134","4","Nord, Stuttgart","48.7927231 9.1684625","http://www.immobilienscout24.de/expose/94490010"
"94488059","*Die Gedanken sind frei* Helle 1-Zimmer-Wohnung *flexibel nutzbar*","119999","28","1","Ost, Stuttgart","48.7820069 9.2086769","http://www.immobilienscout24.de/expose/94488059"
"94487011","1 Zi.-Whg. mit ca. 33 qm und Balkon in Stuttgart-Botnang","79000","34","1","Leharstr. 4, Botnang, Stuttgart","48.7815276 9.1309804","http://www.immobilienscout24.de/expose/94487011"
"94485166","''Im Stadtkern! - 3-Zi.-OG-ETW mit optimaler Raumaufteilung in S-Feuerbach!","220000","72","3","Feuerbach, Stuttgart","48.8116009 9.1589461","http://www.immobilienscout24.de/expose/94485166"
"94484456","Interessante Wohnung! Interessante Kapitalanlage!","159000","63","3","Hofen, Stuttgart","48.8319502 9.2166418","http://www.immobilienscout24.de/expose/94484456"
"94482750","4 Zimmer 2 Bäder Garten - sofort beziehbar!","670000","135","4","Nord, Stuttgart","48.7927231 9.1684625","http://www.immobilienscout24.de/expose/94482750"
"94481042","Sonnige Maisonettewohnung mit 2-5 Zimmern 10 Gehminuten zum Bahnhof.","680000","137","4","Nord, Stuttgart","48.7927231 9.1684625","http://www.immobilienscout24.de/expose/94481042"
"94473759","Schöne drei Zimmer Wohnung in Stuttgart Stammheim","160000","59","3","Stammheim, Stuttgart","48.847362 9.1508844","http://www.immobilienscout24.de/expose/94473759"
"94472286","Wohnen am Stadtpark - schöne drei Zimmer Wohnung in Stuttgart Zuffenhausen","310000","76","3","Zuffenhausen, Stuttgart","48.8332507 9.1688055","http://www.immobilienscout24.de/expose/94472286"
"94471147","3 Zimmer Wohnung in Stuttgart-Vaihingen sofort bezugsfrei","235000","65","3","Vaihingen, Stuttgart","48.7303646 9.1079418","http://www.immobilienscout24.de/expose/94471147"
"94523909","Wohnen mitten im Stuttgarter Westen","320000","80","3","Ludwig-Pfau-Strasse 0, West, Stuttgart","48.7812488 9.1599121","http://www.immobilienscout24.de/expose/94523909"
"94522851","3-Zimmer-Wohnung in Stuttgart-Weilimdorf an Kapitalanleger zu verkaufen.","355000","82","3","Wolfbusch, Stuttgart","48.80285 9.11095","http://www.immobilienscout24.de/expose/94522851"
"94521206","Wunderschöne 4-Zimmer-Altbauwohnung mit 2 Balkonen und Ausblick","425000","106","4","Rosenbergstraße 101, West, Stuttgart","48.77717 9.15302","http://www.immobilienscout24.de/expose/94521206"
"94512728","Schöne drei Zimmer Wohnung in Stuttgart Riedenberg","217000","75","3","Brunnenwiesenstraße 25, Riedenberg, Stuttgart","Riedenberg","http://www.immobilienscout24.de/expose/94512728"
"94507762","Neuwertig Lichtdurchflutet! Wohnen auf 2 Ebenen in bester Lage von Stuttgart-Riedenberg!","550000","119","4","Riedenberg, Stuttgart","48.7361281 9.2109935","http://www.immobilienscout24.de/expose/94507762"
"94506977","Traumwohnung am Probstsee (Seepark Suiten). 35 Zi-EG-Whg. (ca. 113 qm) mit Terrasse!","565000","113","3","Möhringen, Stuttgart","48.7236185 9.1459902","http://www.immobilienscout24.de/expose/94506977"
"94503522","TRAUMLOFT IM WESTEN - NAHE BOSCH AREAL","595000","160","4","West, Stuttgart","48.7670839 9.1087963","http://www.immobilienscout24.de/expose/94503522"
"94499724","Verkaufe 1 ZW Stuttgart -Mitte -Ost  an Kapitalanleger nur € 125.000","125000","29","1","Mitte, Stuttgart","48.7791249 9.1800904","http://www.immobilienscout24.de/expose/94499724"
"94493906","Super 3 Zimmer-Wohnung mitten in Stuttgart WG-tauglich","329000","71","3","Mitte, Stuttgart","48.7791249 9.1800904","http://www.immobilienscout24.de/expose/94493906"
"94493387","* Frühlingsstart auf der XXL - Terrasse *","349000","88","3","Nord, Stuttgart","48.7927231 9.1684625","http://www.immobilienscout24.de/expose/94493387"
"94490010","Beste Lage UND Beste Aussicht - Penthouse am Killesberg","1189000","134","4","Nord, Stuttgart","48.7927231 9.1684625","http://www.immobilienscout24.de/expose/94490010"
"94488059","*Die Gedanken sind frei* Helle 1-Zimmer-Wohnung *flexibel nutzbar*","119999","28","1","Ost, Stuttgart","48.7820069 9.2086769","http://www.immobilienscout24.de/expose/94488059"
"94487011","1 Zi.-Whg. mit ca. 33 qm und Balkon in Stuttgart-Botnang","79000","34","1","Leharstr. 4, Botnang, Stuttgart","48.7815276 9.1309804","http://www.immobilienscout24.de/expose/94487011"
"94485166","''Im Stadtkern! - 3-Zi.-OG-ETW mit optimaler Raumaufteilung in S-Feuerbach!","220000","72","3","Feuerbach, Stuttgart","48.8116009 9.1589461","http://www.immobilienscout24.de/expose/94485166"
"94484456","Interessante Wohnung! Interessante Kapitalanlage!","159000","63","3","Hofen, Stuttgart","48.8319502 9.2166418","http://www.immobilienscout24.de/expose/94484456"
"94482750","4 Zimmer 2 Bäder Garten - sofort beziehbar!","670000","135","4","Nord, Stuttgart","48.7927231 9.1684625","http://www.immobilienscout24.de/expose/94482750"
"94481042","Sonnige Maisonettewohnung mit 2-5 Zimmern 10 Gehminuten zum Bahnhof.","680000","137","4","Nord, Stuttgart","48.7927231 9.1684625","http://www.immobilienscout24.de/expose/94481042"
"94473759","Schöne drei Zimmer Wohnung in Stuttgart Stammheim","160000","59","3","Stammheim, Stuttgart","48.847362 9.1508844","http://www.immobilienscout24.de/expose/94473759"
"94472286","Wohnen am Stadtpark - schöne drei Zimmer Wohnung in Stuttgart Zuffenhausen","310000","76","3","Zuffenhausen, Stuttgart","48.8332507 9.1688055","http://www.immobilienscout24.de/expose/94472286"
"94471147","3 Zimmer Wohnung in Stuttgart-Vaihingen sofort bezugsfrei","235000","65","3","Vaihingen, Stuttgart","48.7303646 9.1079418","http://www.immobilienscout24.de/expose/94471147"
"94469285","***BURGHALDE: Moderne familienfreundliche 6-Zi.-Maisonette-Wohnung in ruhiger Lage***","1125000","212","6","Nord, Stuttgart","48.7927231 9.1684625","http://www.immobilienscout24.de/expose/94469285"
"94469195","***Exklusiver Wohnkomfort: 2-Zimmer-Penthouse-Wohnung in absoluter Aussichtslage von Stuttgart***","858000","101","2","Feuerbach, Stuttgart","48.8116009 9.1589461","http://www.immobilienscout24.de/expose/94469195"
"94469050","3 ZIMMER-WOHNUNG","260000","84","3","Bad Cannstatt, Stuttgart","48.8084576 9.2250355","http://www.immobilienscout24.de/expose/94469050"
"94468451","Dachstudio-Wohnung","362000","100","4","Stammheim, Stuttgart","48.847362 9.1508844","http://www.immobilienscout24.de/expose/94468451"
"94466236","Klein aber fein! Ideale Wohnung für Kapitalanleger.","95000","27","1","Feuerbach, Stuttgart","48.8116009 9.1589461","http://www.immobilienscout24.de/expose/94466236"
"94464515","Wohnung mit Garage und Carport","413000","107","4","Anna-Peters-Straße xxx, Sonnenberg, Stuttgart","Sonnenberg","http://www.immobilienscout24.de/expose/94464515"
"94459661","3 Zimmer- TERRASSEN Wohnung in ruhiger Lage","240000","70","3","Untertürkheim, Stuttgart","48.7856737 9.2561587","http://www.immobilienscout24.de/expose/94459661"
"94457084","Diese sympathische Wohnung wird Sie sofort begeistern!","397000","91","3","West, Stuttgart","48.7670839 9.1087963","http://www.immobilienscout24.de/expose/94457084"
"94456796","große DG-4 Zi.Wohnung mit Balkon -vermietet","425000","116","4","Neue Strasse 137, Ost, Stuttgart","48.7710252 9.2083197","http://www.immobilienscout24.de/expose/94456796"
"94456232","für Kapitalanleger - Vermietete 4-Zimmerwohnung mit Balkon und separatem Hobbyraum","259000","75","4","Wangen, Stuttgart","48.7745968 9.2364427","http://www.immobilienscout24.de/expose/94456232"
"94440572","Attraktive 3-Zimmer-Wohnung nahe Porsche/Bosch!","147500","55","3","Zuffenhausen, Stuttgart","48.8332507 9.1688055","http://www.immobilienscout24.de/expose/94440572"
"94439662","Top-Lage! 1-Zimmer-Appartement mit Balkon in begehrter (Halbhöhen-)Lage des Stuttgarter Westen!","98000","19","1","West, Stuttgart","48.7670839 9.1087963","http://www.immobilienscout24.de/expose/94439662"
"94439117","+++Für Selbstnutzer oder als attraktive Kapitalanlage+++","145000","55","2","Ost, Stuttgart","48.7820069 9.2086769","http://www.immobilienscout24.de/expose/94439117"
"94438543","Schöne 45 Zimmer Wohnung in Stuttgart-Nord (privater Anbieter).","919000","130","4","Nord, Stuttgart","48.7927231 9.1684625","http://www.immobilienscout24.de/expose/94438543"
"94438342","Renovierungsbedürfte 3-Zi- Whg in Stgt West m Kü-Balkon","250000","90","3","West, Stuttgart","48.7670839 9.1087963","http://www.immobilienscout24.de/expose/94438342"
"94437668","2x Zwei-Zimmer-Whg. für Kapitalanleger oder Selbstnutzer","449000","93","4","Möhringerstr 65A, Süd, Stuttgart","48.7613932 9.158967","http://www.immobilienscout24.de/expose/94437668"
"94429395","Helle und gut geschnittene 45-Zi.-Wohnung *Balkon TG-Stellplatz Aufzug u.v.m.*","370000","115","4","Wangen, Stuttgart","48.7745968 9.2364427","http://www.immobilienscout24.de/expose/94429395"
"94428133","Erstbezug im Mai 2017: Schön geschnittene 4-Zi-Wohnung","899900","134","4","Wiederholdstraße 15B, Nord, Stuttgart","48.78659 9.16789","http://www.immobilienscout24.de/expose/94428133"
"94415356","Provisionsfreie grosszügig geschnittene Wohnung in toller Lage im Stuttgarter Süden","255000","70","2","Süd, Stuttgart","48.7608788 9.1548908","http://www.immobilienscout24.de/expose/94415356"
"94401229","Eine Rarität in gesuchtem Wohngebiet","450000","82","3","na","na","http://www.immobilienscout24.de/expose/94401229"
"94400208","Schöne Helle 3-Zimmerwohnung S-Weilimdorf","225000","70","3","na","na","http://www.immobilienscout24.de/expose/94400208"
"94398402","Wohnen im beliebten Westen! 3 Zi. - Whg. mit Balkon","349000","77","3","na","na","http://www.immobilienscout24.de/expose/94398402"
"94396025","*** Urban Living ***","492000","91","3","na","na","http://www.immobilienscout24.de/expose/94396025"
"94387535","Moderne 4-Zimmer-Erdgeschosswohnung","420000","89","4","na","na","http://www.immobilienscout24.de/expose/94387535"
"94380871","Citywohnung nahe Königstraße","298000","73","3","na","na","http://www.immobilienscout24.de/expose/94380871"
"94380376","Schöne Jugendstil-Wohnung im gut renovierten 4-Familienhaus","249000","69","3","na","na","http://www.immobilienscout24.de/expose/94380376"
"94379266","Grosszügige 25 Zimmerwohnung mit grossem Balkon","220000","86","2","na","na","http://www.immobilienscout24.de/expose/94379266"
"94377662","60 % verkauft : 3 Zimmer - Wohnung mit Dachterrasse für Freude am Wohnen in S- Möhringen","458200","88","3","na","na","http://www.immobilienscout24.de/expose/94377662"
"94374594","Umbau zur Wohnung eventuell möglich - jetzt noch Ladengeschäft","150000","75","2","na","na","http://www.immobilienscout24.de/expose/94374594"
"94359108","Schöne geräumige zwei Zimmer Wohnung in Stuttgart Möhringen","195000","63","2","na","na","http://www.immobilienscout24.de/expose/94359108"
"94358982","4 Zimmer EG Wohnung","379000","110","4","na","na","http://www.immobilienscout24.de/expose/94358982"
"94343061","Traumwohnung am Probstsee (Seepark Suiten). 35 Zi-EG-Whg. (ca. 113 qm) mit Terrasse!","565000","113","3","na","na","http://www.immobilienscout24.de/expose/94343061"
"94342221","Exclusive Wohnung mit Waldblick","420000","76","3","na","na","http://www.immobilienscout24.de/expose/94342221"
"94334276","Schöne drei Zimmer Wohnung in Stuttgart Degerloch","369000","87","3","na","na","http://www.immobilienscout24.de/expose/94334276"
"94330710","Provisionsfrei: Kapitalanlage in Stuttgart Süd mit bester Infrastruktur","246000","60","2","na","na","http://www.immobilienscout24.de/expose/94330710"
"94329068","Dachgeschoss-Wohnung für Singles oder Paare - auch als Kapitalanlage geeignet!","189000","58","2","na","na","http://www.immobilienscout24.de/expose/94329068"
"94327068","Perfekt zur Kapitalanlage - Großzügig gestaltete Wohnung in Zuffenhausen","275000","90","4","na","na","http://www.immobilienscout24.de/expose/94327068"
"94313411","Zentral und Modern ++ 3-Zimmer Eigentumswohnung","284500","83","3","na","na","http://www.immobilienscout24.de/expose/94313411"
"94311750","Auf einer Ebene: moderne große 55 Zimmer-Wohnung in 3-Fam.Haus mit EBK Terrasse 2 Stellplätze","499000","141","5","na","na","http://www.immobilienscout24.de/expose/94311750"
"94310207","Helle 3 Zimmer Wohnung mit Balkon und Garten","209000","70","3","na","na","http://www.immobilienscout24.de/expose/94310207"
"94306157","Starke Kapitalanlage aber auch viele Vorteile bei Eigennutzung","176410","59","2","na","na","http://www.immobilienscout24.de/expose/94306157"
"94305074","Provisionsfrei: Kapitalanlage in Stuttgart Süd mit bester Infrastruktur","312500","78","2","na","na","http://www.immobilienscout24.de/expose/94305074"
"94301034","Schöne 35 - Zimmer-Wohnung mit Balkon in Stuttgart-Möhringen (Fasanenhof) - Frei nach Vereinbarung","240000","80","3","na","na","http://www.immobilienscout24.de/expose/94301034"
"94299841","4 1/2-Zimmer-ETW im 18. Stock/C-Block in der Wohnstadt Asemwald","339000","103","4","na","na","http://www.immobilienscout24.de/expose/94299841"
"94293162","WOHNUNG MIT 42.02 m² WOHNFLÄCHE (inkl. Balkon/Terrasse)","93000","42","1","na","na","http://www.immobilienscout24.de/expose/94293162"
"94287538","Jetzt bezugsfertig exklusive Neubau Penthouse-Loft ---sonnige Süd-Dachterrasse--","495000","110","2","na","na","http://www.immobilienscout24.de/expose/94287538"
"94287505","LUXUS KERNSANIERTE 5 ZW + VIELE EXTRAS","530000","135","5","na","na","http://www.immobilienscout24.de/expose/94287505"
"94285521","'' Kernsaniert - 45-Zi.-EG-ETW im Zentrum von S-Obertürkheim ''","230000","92","4","na","na","http://www.immobilienscout24.de/expose/94285521"
"94281779","Exklusive Wohneinheit! 2- bis 3-Zimmer-Loftwohnung in bevorzugter Wohnlage","780000","89","3","na","na","http://www.immobilienscout24.de/expose/94281779"
"94278410","Helle und großzügige 5-Zimmer-Wohnung mit Charme in ansprechender Wohneinheit!","549000","135","5","na","na","http://www.immobilienscout24.de/expose/94278410"
"94278029","Großzügige und moderne 5-6-Zimmer-DG-Maisonette-Wohnung mit fantastischer Panoramaaussicht!","849800","195","5","na","na","http://www.immobilienscout24.de/expose/94278029"
"94270372","*** Die Gelegenheit in Muckensturm! +++ EBK Südbalkon und Garage***","292000","73","3","na","na","http://www.immobilienscout24.de/expose/94270372"
"94263512","Neubau 3-Zimmer Maisonetten Wohnung mit Balkon.","469000","88","3","na","na","http://www.immobilienscout24.de/expose/94263512"
"94262442","Helle sonnige Dachmaisonettewohnung in ruhiger Stadtlage","650000","152","4","na","na","http://www.immobilienscout24.de/expose/94262442"
"94262375","Barrierefreie 4-Zimmer-Wohnung mit  Aufzug Balkon und 2 Stellplätzen","530000","99","4","na","na","http://www.immobilienscout24.de/expose/94262375"
"94262372","Neubau Tolle 15 Zimmer EG Wohnung mit großer Terrasse.","274000","48","1","na","na","http://www.immobilienscout24.de/expose/94262372"
"94261256","Sonnige 2-3 Zi-Terrassenwohnung in Südlage in ruhiger und grüner Lage von Stuttgart-Zuffenhausen.","259000","80","2","na","na","http://www.immobilienscout24.de/expose/94261256"
"94261207","Sonnige 3 Zi-Terrassenwohnung 70 qm Südterrasse ruhiger und grüner Lage von Stuttgart-Zuffenhausen","259000","80","3","na","na","http://www.immobilienscout24.de/expose/94261207"
"94259321","**ZENTRAL** gelegene und charmante 2-3 Zimmer Maisonette DG Wohnung","180000","60","2","na","na","http://www.immobilienscout24.de/expose/94259321"
"94258524","3 Zimmer in zentraler Lage im Stuttgarter-Osten zu verkaufen","325000","75","3","Ost, Stuttgart","48.7820069 9.2086769","http://www.immobilienscout24.de/expose/94258524"
"94254629","Wohnen am Lederberg - Ideal für Kapitalanleger - Ihr Mieter ist schon da !","188000","72","3","Heumaden, Stuttgart","48.7444841 9.2329917","http://www.immobilienscout24.de/expose/94254629"
"94253954","Helle gut geschnittene 3-Zimmer-Wohnung mit Einbauküche Balkon","224500","71","3","Rot, Stuttgart","48.8339645 9.1915555","http://www.immobilienscout24.de/expose/94253954"
"94250489","ÜBER DEN DÄCHERN DES WESTENS","430000","111","4","West, Stuttgart","48.7670839 9.1087963","http://www.immobilienscout24.de/expose/94250489"
"94250448","WOHNTRAUM IM HERZEN DES WESTENS","682000","160","5","West, Stuttgart","48.7670839 9.1087963","http://www.immobilienscout24.de/expose/94250448"
"94246045","Provisionsfrei!!! Renovierte zentrale zwei Zimmer Wohnung mit Garage","198000","50","2","Schönestraße 35, Bad Cannstatt, Stuttgart","48.80127 9.21273","http://www.immobilienscout24.de/expose/94246045"
"94245459","Wohnung in Aussichtlage","275000","87","3","Giebel, Stuttgart","48.8052543 9.0906619","http://www.immobilienscout24.de/expose/94245459"
"94239614","Gepflegt und modernisierte 2-Zimmer Eigentumswohnung","220000","56","2","Nordbahnhofstraße 177, Nord, Stuttgart","48.8041017 9.189297","http://www.immobilienscout24.de/expose/94239614"
"94239000","Schöne 4 Zimmer Wohnung in der Stuttgarter Innenstadt","393500","119","4","Mitte, Stuttgart","48.7791249 9.1800904","http://www.immobilienscout24.de/expose/94239000"
"94238996","Schöne 4 Zimmer Wohnung in der Stuttgarter Innenstadt","393500","119","4","Mitte, Stuttgart","48.7791249 9.1800904","http://www.immobilienscout24.de/expose/94238996"
"94238992","Schöne 4 Zimmer Wohnung in der Stuttgarter Innenstadt","376500","114","4","Mitte, Stuttgart","48.7791249 9.1800904","http://www.immobilienscout24.de/expose/94238992"
"94238982","Denkmalgeschützte 4- Zimmer Altbau Wohnung im Herzen von Stuttgart","370000","111","4","Mitte, Stuttgart","48.7791249 9.1800904","http://www.immobilienscout24.de/expose/94238982"
"94234319","Schöne vier Zimmer Wohnung in Feuerbach","575000","105","4","Feuerbach, Stuttgart","48.8116009 9.1589461","http://www.immobilienscout24.de/expose/94234319"
"94234137","Charmante 4 Zimmer-Wohnung in See-Nähe","339000","103","4","Hofen, Stuttgart","48.8319502 9.2166418","http://www.immobilienscout24.de/expose/94234137"
"94218087","Exklusive Designer-Wohnung über den Dächern Stuttgarts","1190000","164","6","Mitte, Stuttgart","48.7791249 9.1800904","http://www.immobilienscout24.de/expose/94218087"
"94217341","Sonnige Wohnung in ruhiger Lage verkehrsgünstig angebunden","280000","80","4","Laichinger Straße 3, Wangen, Stuttgart","48.77499 9.24218","http://www.immobilienscout24.de/expose/94217341"
"94202462","Erbpacht: 2-Zimmerwohnung in zentraler Lage von Stuttgart-Rot","139000","42","2","Rot, Stuttgart","48.8339645 9.1915555","http://www.immobilienscout24.de/expose/94202462"
"94202014","Attraktive 35-Zimmer Wohnung im Grünen mit schöner Terrasse und Privatsphäre","318000","80","3","Birkach, Stuttgart","48.726765 9.2015155","http://www.immobilienscout24.de/expose/94202014"
"94186372","Aussicht pur exklusive Dachgeschosswohnung mit Terrasse und Panoramablick","684000","101","2","Birkenwaldstrasse 185, Nord, Stuttgart","48.796517 9.1754593","http://www.immobilienscout24.de/expose/94186372"
"94184948","Lage Lage Lage! 2-Zimmer-Wohnung mit Balkon in begehrter Lage des Stuttgarter Westen!","225000","58","2","West, Stuttgart","48.7670839 9.1087963","http://www.immobilienscout24.de/expose/94184948"
"94169385","***PROVISIONSFREI***Hochwertig renovierte Dachgeschoß-Wohnung***","365000","75","2","Bernsteinstraße 00, Heumaden, Stuttgart","48.7380841 9.2271902","http://www.immobilienscout24.de/expose/94169385"
"94169160","Kleine Wohlfühl-Oase am Rande der Großstadt bietet 1-2 Zimmer Dach-Balkon inkl. Garage u.v.m.","210000","50","2","Riedenberg, Stuttgart","48.7361281 9.2109935","http://www.immobilienscout24.de/expose/94169160"
"94167634","Maßarbeit - jeder Quadratmeter ein Wohnerlebnis","283400","74","3","Ost, Stuttgart","48.7820069 9.2086769","http://www.immobilienscout24.de/expose/94167634"
"94163430","Sonnige Gartenwohnung mit riesigem Garten in ruhiger und grüner Lage von Stuttgart-Zuffenhausen.","369000","159","4","Zuffenhausen, Stuttgart","48.8332507 9.1688055","http://www.immobilienscout24.de/expose/94163430"
"94150616","Schöne Vierzimmerwohnung in Stuttgart-Obertürkheim Privatverkauf.","380000","86","4","Augsburgerstrasse 731, Obertürkheim, Stuttgart","48.7591281 9.2737373","http://www.immobilienscout24.de/expose/94150616"
"94147167","Maisonette-Wohnung trifft Stil und Gemütlichkeit","479000","99","5","Möhringen, Stuttgart","48.7236185 9.1459902","http://www.immobilienscout24.de/expose/94147167"
"94144901","KAUF: Modernes Business-Apartment komplett hochwertig u. exklusiv möbliert***","207500","50","1","Filderhauptstraße 00, Plieningen, Stuttgart","48.7006608 9.214715","http://www.immobilienscout24.de/expose/94144901"
"94121044","Wunderschöne 3-Zi.-Whg in begehrter Halbhöhenlage von S-Ost","425000","103","3","Neue Straße 137, Ost, Stuttgart","48.7710252 9.2083197","http://www.immobilienscout24.de/expose/94121044"
"94119926","4-Zimmer-Dachgeschosswohnung im Grünen!","315000","82","4","West, Stuttgart","48.7670839 9.1087963","http://www.immobilienscout24.de/expose/94119926"
"94118146","Über den Dächern der Stadt - Galeriewohnung in TOP Lage - sofort frei - Erstbezug!","1250000","189","5","Sonnenberg, Stuttgart","48.7460716 9.1500783","http://www.immobilienscout24.de/expose/94118146"
"94117925","Altbauwohnung in ruhiger Lage sucht neuen Eigentümer","225000","57","3","Bellingweg 1, Bad Cannstatt, Stuttgart","48.7992806 9.2247","http://www.immobilienscout24.de/expose/94117925"
"94117222","Sehr helle praktisch geschnittene 5 - 6 Zimmer-Eigentumswohnung mit Garten- und Hofanteil.","329900","120","5","Zuffenhausen, Stuttgart","48.8332507 9.1688055","http://www.immobilienscout24.de/expose/94117222"
"94111277","***BURGHALDE: Moderne familienfreundliche 6-Zi.-Maisonette-Wohnung in ruhiger Lage***","1125000","212","6","Feuerbach, Stuttgart","48.8116009 9.1589461","http://www.immobilienscout24.de/expose/94111277"
"94101138","*PROVISIONSFREI FÜR KÄUFER! - Nähe Uni / Kliniken / Innenstadt","149000","40","1","Nord, Stuttgart","48.7927231 9.1684625","http://www.immobilienscout24.de/expose/94101138"
"94100442","Stadtnahe 2-Zimmer-Wohnung im Kernerviertel mit großer Terrasse","290000","71","2","Mitte, Stuttgart","48.7791249 9.1800904","http://www.immobilienscout24.de/expose/94100442"
"94096876","3-Zimmerwohnung mit Balkon in grüner Halbhöhe","390000","71","3","Süd, Stuttgart","48.7608788 9.1548908","http://www.immobilienscout24.de/expose/94096876"
"94096702","Schicke 2-Zimmerwohnung in zentraler Lage von Degerloch","238000","56","2","Degerloch, Stuttgart","48.7413546 9.1774071","http://www.immobilienscout24.de/expose/94096702"
"94095845","Für Privatanleger und Selbstnutzer:3-Zimmer-Wohnung in Stuttgart-Wangen","190000","78","3","Wangen, Stuttgart","48.7745968 9.2364427","http://www.immobilienscout24.de/expose/94095845"
"94094805","Schöne vier Zimmer Wohnung in Stuttgart Heumaden INKL. TG Platz - zzgl. Vermittlungshonorar","408000","102","4","Heumaden, Stuttgart","48.7444841 9.2329917","http://www.immobilienscout24.de/expose/94094805"
"94094743","Provisionsfrei von privat 3 Zi Wohnung in Stuttgart - Ost","264000","67","3","Lehmgrubenstraße 26, Ost, Stuttgart","48.786212 9.2112596","http://www.immobilienscout24.de/expose/94094743"
"94085266","WOHNUNG MIT 107.42 m² WOHNFLÄCHE (inkl. Balkon/Terrasse)","413000","107","4","Anna-Peters-Straße xx, Sonnenberg, Stuttgart","Sonnenberg","http://www.immobilienscout24.de/expose/94085266"
"94074298","Sehr schöne zwei Zimmer Wohnung in bester Lage im Stuttgarter Westen","300000","54","2","West, Stuttgart","48.7670839 9.1087963","http://www.immobilienscout24.de/expose/94074298"
"94065375","3-Zimmer-WG mit Balkon / Betreutes Wohnen S-Feuerbach!","269000","63","3","Feuerbach, Stuttgart","48.8116009 9.1589461","http://www.immobilienscout24.de/expose/94065375"
"94061446","RENDITEBOMBE oder SELBER EINZIEHEN ???","180000","68","3","Schwarenbergstr. xxx, Ost, Stuttgart","Ost","http://www.immobilienscout24.de/expose/94061446"
"94059162","3 Zimmer Wohnung mit 2 Balkonen Hobbyraum und großem Gemeinschaftsgarten","305000","89","3","Kaltental, Stuttgart","48.7439901 9.1285655","http://www.immobilienscout24.de/expose/94059162"
"94058292","außergewöhnlicher Dachausbau mit 2 Balkonen und hoher Wohnhalle","495000","108","2","Steinpilzweg -, Schönberg, Stuttgart","48.7311586 9.2000402","http://www.immobilienscout24.de/expose/94058292"
"94041384","Exklusives Wohnen mit 270° Panoramablick","1650000","202","4","West, Stuttgart","48.7670839 9.1087963","http://www.immobilienscout24.de/expose/94041384"
"94038070","S-Asemwald könnte Ihnen gefallen!","314000","104","4","Im Asemwald 54, Asemwald, Stuttgart","48.7258007 9.1930085","http://www.immobilienscout24.de/expose/94038070"
"94031752","kapitales Schnittmuster! Architektonisch durchdachte 3 Zi.-Eigentumswohnung","320000","85","3","Plieningen, Stuttgart","48.7087513 9.2052496","http://www.immobilienscout24.de/expose/94031752"
"94013676","MODERNE 2 ZIMMER-WOHNUNG MIT BALKON IN STUTTGARTS BEGEHRTER HALBHÖHENLAGE: HASENBERGSTEIGE!","280000","67","2","West, Stuttgart","48.7670839 9.1087963","http://www.immobilienscout24.de/expose/94013676"
"94012781","!!! PROVISIONSFREI für den Käufer !!! Sichere Kapitalanlage seit einem halben Jahrhundert!","229000","66","3","Kaisersbacher Straße 8, Bad Cannstatt, Stuttgart","48.8075826 9.2508282","http://www.immobilienscout24.de/expose/94012781"
"94006454","***S-Heumaden: sonniges 25-Zimmer-Penthouse mit Lift! ***","325000","72","2","Heumaden, Stuttgart","48.7444841 9.2329917","http://www.immobilienscout24.de/expose/94006454"
"93990017","Sonnige helle 4 Zimmer Wohnung in Stuttgart Uhlbach","295000","90","4","Uhlbacher Straße 203, Uhlbach, Stuttgart","48.7750715 9.2767416","http://www.immobilienscout24.de/expose/93990017"
"93988616","Sonnenverwöhnte 2 Zimmer Eigentumswohnung in 70499 Stuttgart - Weilimdorf","179000","57","2","Weilimdorf, Stuttgart","48.81418 9.1121079","http://www.immobilienscout24.de/expose/93988616"
"93984324","Kapitalanleger aufgepasst...schicke Wohnung zum super Preis!!!","129000","48","2","Feuerbach, Stuttgart","48.8116009 9.1589461","http://www.immobilienscout24.de/expose/93984324"
"93980604","Zukunftsorientierter Geheimtipp","199000","67","3","Bad Cannstatt, Stuttgart","48.8084576 9.2250355","http://www.immobilienscout24.de/expose/93980604"
"93980287","Stadtpalais 107","825000","152","4","Reinsburg Straße 107, West, Stuttgart","48.76781 9.15532","http://www.immobilienscout24.de/expose/93980287"
"93974896","3-Zi.-ETW-DG-Wohnung ca. 65m² Stuttgart-Mitte Nähe Hbf frei","275000","65","3","Schützenstraße 23, Mitte, Stuttgart","48.7826164 9.1912616","http://www.immobilienscout24.de/expose/93974896"
"93971016","Premium und verkehrsberuhigt - nähe Cannstatter Carre","790000","111","4","Bad Cannstatt, Stuttgart","48.8084576 9.2250355","http://www.immobilienscout24.de/expose/93971016"
"93966960","SONNIGE WOHNUNG FÜR INDIVIDUALISTEN","855000","160","3","Frauenkopf, Stuttgart","48.7666667 9.2166667","http://www.immobilienscout24.de/expose/93966960"
"93965396","***Jetzt oder nie- Erstbezug nach Totalsanierung in Traumlage***","639000","113","3","Nord, Stuttgart","48.7927231 9.1684625","http://www.immobilienscout24.de/expose/93965396"
"93964203","Große 4-Zimmerwohnung mit 3 Balkonen in  schöner Aussichtslage","460000","117","4","Möhringen, Stuttgart","48.7236185 9.1459902","http://www.immobilienscout24.de/expose/93964203"
"93962773","Sonnige 2-Zimmer-Maisonette-Wohnung in Untertürkheim","260500","75","2","Dietbachstraße 13, Untertürkheim, Stuttgart","48.7896909 9.2471546","http://www.immobilienscout24.de/expose/93962773"
"93957910","Eigentumswohnung 3.Zimmer in Stuttgart-Ost","253000","64","3","Ost, Stuttgart","48.7820069 9.2086769","http://www.immobilienscout24.de/expose/93957910"
"93935761","LUXURIÖSE WOHNUNG IN BESTLAGE","640000","107","3","Sillenbuch, Stuttgart","48.7454918 9.2204779","http://www.immobilienscout24.de/expose/93935761"
"93934770","Im Lehenviertel!  1 Zimmer-Appartement mit Küchenzeile","95000","20","1","Süd, Stuttgart","48.7608788 9.1548908","http://www.immobilienscout24.de/expose/93934770"
"93932977","Mitten im lebendigen Lehenviertel! Vermietete 3 Zimmer-Wohnung mit Pkw-Stellplatz","297500","75","3","Süd, Stuttgart","48.7608788 9.1548908","http://www.immobilienscout24.de/expose/93932977"
"93914944","familienfreundlich sonnige 45 Zimmer-Neubau DG-Maisonnette mit herrlichem Ausblick in S-Botnang","639900","106","4","Himmerreichstr. 37, Botnang, Stuttgart","48.7770226 9.1233739","http://www.immobilienscout24.de/expose/93914944"
"93902570","**ZENTRAL IN FEUERBACH** 3-4-Zimmer-Wohnung im 1.OG in einem  3-Familienhaus zu verkaufen!","159000","50","4","Feuerbach, Stuttgart","48.8116009 9.1589461","http://www.immobilienscout24.de/expose/93902570"
"93902236","**FEUERBACH** 3-4-Zimmer-Wohnung im 1.OG  eines 3-Familienhauses in zentraler Lage zu verkaufen!","159000","50","4","Feuerbach, Stuttgart","48.8116009 9.1589461","http://www.immobilienscout24.de/expose/93902236"
"93899573","Eine Perle im Stuttgarter-Westen","1190000","128","3","West, Stuttgart","48.7670839 9.1087963","http://www.immobilienscout24.de/expose/93899573"
"93899571","Das Juwel in Stuttgart","895000","93","2","West, Stuttgart","48.7670839 9.1087963","http://www.immobilienscout24.de/expose/93899571"
"93885164","Unterm Dach super gut leben... mit Dachterrasse!","275000","69","2","Nord, Stuttgart","48.7927231 9.1684625","http://www.immobilienscout24.de/expose/93885164"
"93877542","Eigentumswohnung in zentraler Lage von Stuttgart","193000","42","2","Nord, Stuttgart","48.7927231 9.1684625","http://www.immobilienscout24.de/expose/93877542"
"93852472","1-Zimmer-Wohnung mit Terrasse - PROVISIONSFREI","137000","38","1","Offenbachstraße 17, Botnang, Stuttgart","48.78033 9.13163","http://www.immobilienscout24.de/expose/93852472"
"93851439","Charakterstarke Wohnung ruhige Lage Blick über Stuttgart","198500","50","2","Bad Cannstatt, Stuttgart","48.8084576 9.2250355","http://www.immobilienscout24.de/expose/93851439"
"93839688","Schmuckstück: 35-Zimmer mit Galerieebene in Stuttgart-Schönberg","370000","105","3","Schönberg, Stuttgart","48.735523 9.2027733","http://www.immobilienscout24.de/expose/93839688"
"93839577","Als Anlageobjekt: Vermietete 2-Zimmer-Penthousewohnung mit großer Dachterrasse","365000","81","2","Dürrlewang, Stuttgart","48.7171003 9.1166525","http://www.immobilienscout24.de/expose/93839577"
"93838538","Gemütlich ruhig und in TOP-Lage","370000","90","3","Neugereut, Stuttgart","48.831797 9.2342978","http://www.immobilienscout24.de/expose/93838538"
"93827924","Toplage Sackgasse ruhig Dachgeschoss vermietet;","195000","62","2","Degerloch, Stuttgart","48.7413546 9.1774071","http://www.immobilienscout24.de/expose/93827924"
"93827687","***S-Asemwald: 15-Zimmer-Wohnung mit Fernsicht!***","145000","48","1","Asemwald, Stuttgart","48.7243721 9.191914","http://www.immobilienscout24.de/expose/93827687"
"93827636","::: 3 Zimmer Wohnung in Bad Cannstatt :::","220000","70","3","Bad Cannstatt, Stuttgart","48.8084576 9.2250355","http://www.immobilienscout24.de/expose/93827636"
"93821329","Praktische schöne vier Zimmer Wohnung mit toller Aussicht in Stuttgart Möhringen","463000","117","4","Onst-Mettinger Weg 1-99, Möhringen, Stuttgart","48.7337727 9.1394522","http://www.immobilienscout24.de/expose/93821329"
"93817839","Toll möblierte und komplett ausgestattete 2 Zimmer-Wohnung","169000","54","2","Giebel, Stuttgart","48.8052543 9.0906619","http://www.immobilienscout24.de/expose/93817839"
"93815067","172  Schöne freie 3 Zimmer Wohlfühlwohnung mit Extras und Garage","290000","80","3","Stammheim, Stuttgart","48.847362 9.1508844","http://www.immobilienscout24.de/expose/93815067"
"93796567","*Im angesagten Westen* 2 Zimmer Küche Bad WC Loggia 2 Keller","190000","50","2","West, Stuttgart","48.7670839 9.1087963","http://www.immobilienscout24.de/expose/93796567"
"93796342","*Wohnung mit abgetrenntem Hauseingang* 2 Zimmer Dusche separates WC","130000","33","2","Süd, Stuttgart","48.7608788 9.1548908","http://www.immobilienscout24.de/expose/93796342"
"93795945","Den Sommer auf der eigenen Terrasse genießen","255000","74","3","Ost, Stuttgart","48.7820069 9.2086769","http://www.immobilienscout24.de/expose/93795945"
"93795769","***S-Birkach: schöne 2-Zi.-Whg. mit großem Sonnenbalkon in ruhiger Lage***","210000","61","2","Birkach, Stuttgart","48.726765 9.2015155","http://www.immobilienscout24.de/expose/93795769"
"93795624","Stadtnah wohnen - Gepflegte 2-Zimmerwohnung mit Balkon und TG-Stellplatz","319000","59","2","Nord, Stuttgart","48.7927231 9.1684625","http://www.immobilienscout24.de/expose/93795624"
"93795432","Schöne drei Zimmer Wohnung in Stuttgart Ost","337000","75","3","Ost, Stuttgart","48.7820069 9.2086769","http://www.immobilienscout24.de/expose/93795432"
"93785195","Schöne Dachgeschoß-Wohnung auch als Kapitalanalge","199000","65","3","Bad Cannstatt, Stuttgart","48.8084576 9.2250355","http://www.immobilienscout24.de/expose/93785195"
"93782106","große WG 117m²r Wfl. mit Balkon u. Loggia","395000","116","4","Freiligrathstr. 30, Bad Cannstatt, Stuttgart","48.8048698 9.2287945","http://www.immobilienscout24.de/expose/93782106"
"93782036","freiwerdende Hochparterrewohnung mit kleinem Gartenteil","360000","106","4","Freiligrathstr. 30, Bad Cannstatt, Stuttgart","48.8048698 9.2287945","http://www.immobilienscout24.de/expose/93782036"
"93781844","kernsaniert mit großem Balkon und Garagenoption","425000","103","3","Neue Strasse 137, Ost, Stuttgart","48.7710252 9.2083197","http://www.immobilienscout24.de/expose/93781844"
"93776963","***Hochwertige Stadtwohnung***","520000","120","5","Ost, Stuttgart","48.7820069 9.2086769","http://www.immobilienscout24.de/expose/93776963"
"93764913","Hobbyraum in Stuttgart Riedenberg","36000","25","1","Dattelweg 35A, Riedenberg, Stuttgart","48.739216 9.212482","http://www.immobilienscout24.de/expose/93764913"
"93763547","2-Zi.-Whg im Gartengeschoss mit separatem Eingang im Stuttgarter Westen - sofort beziehbar","267000","83","2","Rotenwaldstraße 89, West, Stuttgart","48.7718409 9.1463394","http://www.immobilienscout24.de/expose/93763547"
"93740658","Schöne 2-Zimmer-Wohnung mit Hobbyraum!","200000","58","2","West, Stuttgart","48.7670839 9.1087963","http://www.immobilienscout24.de/expose/93740658"
"93738689","4 Zimmer - Im Zentrum von Stuttgart","315000","79","4","Nord, Stuttgart","48.7927231 9.1684625","http://www.immobilienscout24.de/expose/93738689"
"93734719","Nähe Uni Vaihingen! Vermietete 1 Zimmer Wohnung mit Balkon für Kapitalanleger!","109000","30","1","Vaihingen, Stuttgart","48.7303646 9.1079418","http://www.immobilienscout24.de/expose/93734719"
"93725854","3 Zimmer-Wohnung mit Altbau-Charme!","385000","90","3","West, Stuttgart","48.7670839 9.1087963","http://www.immobilienscout24.de/expose/93725854"
"93721002","Klein und sehr fein *** auch für Kapitalanleger geeignet  ***","149000","47","3","Bad Cannstatt, Stuttgart","48.8084576 9.2250355","http://www.immobilienscout24.de/expose/93721002"
"93719400","Kaufen und Geld verdienen","238000","55","2","Süd, Stuttgart","48.7608788 9.1548908","http://www.immobilienscout24.de/expose/93719400"
"93710297","Stadtnahe Lage auf hohem Niveau","320000","57","2","Nord, Stuttgart","48.7927231 9.1684625","http://www.immobilienscout24.de/expose/93710297"
"93701106","Moderne 4-Zimmer-DG-Wohnung mitten in Weilimdorf!","279000","67","4","Weilimdorf, Stuttgart","48.81418 9.1121079","http://www.immobilienscout24.de/expose/93701106"
"93696032","Schöne helle drei Zimmer Wohnung in Stuttgart Kaltental","248000","44","3","Kaltental, Stuttgart","48.7439901 9.1285655","http://www.immobilienscout24.de/expose/93696032"
"93692474","Attraktive Kapitalanlage mit 4% Rendite - vermietete 4 Zimmer Wohnung in zentraler Lage","275000","90","4","Zuffenhausen, Stuttgart","48.8332507 9.1688055","http://www.immobilienscout24.de/expose/93692474"
"93692006","April 2017 bezugsfertig: Großzügige 4-Zimmer-Wohnung mit Südost-Loggia","889900","132","4","Relenbergstraße 51, Nord, Stuttgart","48.7876684 9.1676688","http://www.immobilienscout24.de/expose/93692006"
"93692004","Innenstadtnah und ruhig zugleich: Erstbezug 4-Zimmer-Wohnung mit Loggia","769900","113","4","Wiederholdstraße 15c, Nord, Stuttgart","48.78659 9.16789","http://www.immobilienscout24.de/expose/93692004"
"93680118","familienfreundliche 45 Zimmer-Neubauwohnung mit großem SNR Garten in Stuttgart-Botnang!","699900","125","4","Himmerreichstr. 37, Botnang, Stuttgart","48.7770226 9.1233739","http://www.immobilienscout24.de/expose/93680118"
"93680003","familienfreundlichsonnig ruhig 45 Zimmer-Neubauwohnung mit großem SNR Garten in S-Botnang","559900","107","4","Himmerreichstr. 37, Botnang, Stuttgart","48.7770226 9.1233739","http://www.immobilienscout24.de/expose/93680003"
"93676639","Ein renoviertes Haus im MFH mit separatem Zugang in bester City-Lage von Stuttgart-Obertürkheim!","550000","155","6","Obertürkheim, Stuttgart","48.7652901 9.2681633","http://www.immobilienscout24.de/expose/93676639"
"93669416","2 Zimmer Altbau-Wohnung im Herzen von Stuttgart zu verkaufen","189000","43","2","Nord, Stuttgart","48.7927231 9.1684625","http://www.immobilienscout24.de/expose/93669416"
"93658764","Über 3 % Rendite! Sonnige Aussichten für Kapitalanleger (K-70435-Mön89)","265300","90","3","Mönchsbergstraße 89, Zuffenhausen, Stuttgart","48.8287827 9.1843597","http://www.immobilienscout24.de/expose/93658764"
"93652840","Kapitalanlage oder Eigennutzung - Modernisierte 2-Zimmerwohnung mit Südbalkon und TG-Stellplatz","163000","49","2","Plieningen, Stuttgart","48.7087513 9.2052496","http://www.immobilienscout24.de/expose/93652840"
"93651256","Einliegerwohnung ; ideal zum Vermieten mit Gartenterrasse","267000","83","2","Rotenwaldstr. 89, West, Stuttgart","48.7718409 9.1463394","http://www.immobilienscout24.de/expose/93651256"
"93638483","+++ Granitfußböden & West-Balkon - DG (3.OG) ohne Schrägen & ohne Aufzug - inkl. EBK & Stpl. +++","259000","75","3","Murgtalstraße 41, Münster, Stuttgart","48.81921 9.22068","http://www.immobilienscout24.de/expose/93638483"
"93627583","Kapitalanlage in bester Lage","136000","38","1","Feuerbach, Stuttgart","48.8116009 9.1589461","http://www.immobilienscout24.de/expose/93627583"
"93619165","++ Schöne Wohnung in schöner Ecke ++ Stilvolle 3-Zi-Whg. mit Balkon in zentraler Lage von Stuttgart","288900","82","3","Bad Cannstatt, Stuttgart","48.8084576 9.2250355","http://www.immobilienscout24.de/expose/93619165"
"93617482","3 Zimmer Wohnung am Europaplatz","198000","73","3","Fasanenhof Str.4 1, Fasanenhof, Stuttgart","48.71381 9.16153","http://www.immobilienscout24.de/expose/93617482"
"93585734","Heusteigviertel! Hipper geht's nicht!","295500","75","3","Süd, Stuttgart","48.7608788 9.1548908","http://www.immobilienscout24.de/expose/93585734"
"93578382","Gepflegte 3 Zimmer Wohnung zur Kapitalanlage - reduzierter Kaufpreis -","185000","61","3","Ost, Stuttgart","48.7820069 9.2086769","http://www.immobilienscout24.de/expose/93578382"
"93570554","Helle 25 Zimmer Wohnung mit geräumiger Wohnküche!","219000","60","2","Botnang, Stuttgart","48.7781852 9.1284269","http://www.immobilienscout24.de/expose/93570554"
"93559684","Eigentumswohnung DG-Maisonette ca. 1745 m² in einer exklusiven Stadtvilla in Stuttgart Gänsheide","2090000","174","5","Mitte, Stuttgart","48.7791249 9.1800904","http://www.immobilienscout24.de/expose/93559684"
"93559661","Eigentumswohnung EG ca. 204 m² in einer exklusiven Stadtvilla in Stuttgart Gänsheide","2390000","204","4","Mitte, Stuttgart","48.7791249 9.1800904","http://www.immobilienscout24.de/expose/93559661"
"93533051","Schöne 3 ZW-Maisonette in Plieningen für 299.000 oder Gebot zu verkaufen","299000","88","3","Plieningen, Stuttgart","48.7087513 9.2052496","http://www.immobilienscout24.de/expose/93533051"
"93522435","Wohnung und Gewerbe in einem Haus - jeweils 105 m²","855000","210","7","Rotenwaldstrasse 23, West, Stuttgart","48.7700786 9.1515398","http://www.immobilienscout24.de/expose/93522435"
"93521302","Traumhaft helle 3-Zimmer Wohnung mit Balkon","495000","105","3","Rotenwaldstrasse 23, West, Stuttgart","48.7700786 9.1515398","http://www.immobilienscout24.de/expose/93521302"
"93514858","Schön geschnittene 35-Zimmer-Wohnung mit Dachterrasse und Stellplatz","235000","68","3","Stammheim, Stuttgart","48.847362 9.1508844","http://www.immobilienscout24.de/expose/93514858"
"93507110","1 Zimmer-Wohnung renoviert auch zur Kapitalanlage","129000","42","1","Heumaden, Stuttgart","48.7444841 9.2329917","http://www.immobilienscout24.de/expose/93507110"
"93481145","Attraktive Kapitalanlage in Stuttgart-Ost","144000","49","2","Ost, Stuttgart","48.7820069 9.2086769","http://www.immobilienscout24.de/expose/93481145"
"93473738","Schöne zwei Zimmer Wohnung in Stuttgart Ost","200000","55","2","Schwarenbergstraße 97, Ost, Stuttgart","48.78339 9.20193","http://www.immobilienscout24.de/expose/93473738"
"93462551","++ Frühlingsgefühle ++  Mini-Loft-Penthouse (61 m²) + 79 m² Dachterrasse + am Lederberg ++","279000","100","1","Heumaden, Stuttgart","48.7444841 9.2329917","http://www.immobilienscout24.de/expose/93462551"
"93430995","Im Lehenviertel! geschmackvolle 3 + 1 Zimmer-Wohnung mit Stellplatz","412500","95","4","Süd, Stuttgart","48.7608788 9.1548908","http://www.immobilienscout24.de/expose/93430995"
"93425763","Stuttgart: Wohnen wie im Penthouse!","329000","120","4","Wangen, Stuttgart","48.7745968 9.2364427","http://www.immobilienscout24.de/expose/93425763"
"93424196","Botnang am Kräherwald: 4-Zimmer-Dachgeschoßwohnung mit Südbalkon und Panoramablick!","298000","91","4","Botnang, Stuttgart","48.7781852 9.1284269","http://www.immobilienscout24.de/expose/93424196"
"93422970","Top 2 Zimmer Wohnung als Super Kapitalanlage - 1A Lage - 3 Minuten zur U-Bahn","219000","68","2","Rot, Stuttgart","48.8339645 9.1915555","http://www.immobilienscout24.de/expose/93422970"
"93422900","***Neubau: 2-Zimmer-Wohnung mit Terrasse in grüner Umgebung am Stuttgarter Killesberg***","522000","83","2","Feuerbach, Stuttgart","48.8116009 9.1589461","http://www.immobilienscout24.de/expose/93422900"
"93422694","***Neubau: 5-Zimmer-Maisonette-Wohnung mit Dachloggia am Stuttgarter Killesberg***","1382000","171","5","Feuerbach, Stuttgart","48.8116009 9.1589461","http://www.immobilienscout24.de/expose/93422694"
"93422648","***Neubau: Lichtdurchflutete 5-Zimmer-Erdgeschoss-Wohnung am Stuttgarter Killesberg***","1133000","151","5","Feuerbach, Stuttgart","48.8116009 9.1589461","http://www.immobilienscout24.de/expose/93422648"
"93422483","***Neubau: Die Alternative zum Haus - 6-Zimmer-Maisonette-Wohnung am Stuttgarter Killesberg***","1498000","232","6","Feuerbach, Stuttgart","48.8116009 9.1589461","http://www.immobilienscout24.de/expose/93422483"
"93420775","Stgt-Süd beim Falbenhennenplatz denkmalgesch. Altbau 4 Zi 137m2 1.OG Balkon provisionsfrei","649000","137","4","Süd, Stuttgart","48.7608788 9.1548908","http://www.immobilienscout24.de/expose/93420775"
"93411811","Stuttgart-Sillenbuch ruhige 2 Zimmerwohnung","184000","57","2","Sillenbuch, Stuttgart","48.7454918 9.2204779","http://www.immobilienscout24.de/expose/93411811"
"93407772","5-Zimmer Jugendstilwohnung am Neckar","339000","126","5","Bad Cannstatt, Stuttgart","48.8084576 9.2250355","http://www.immobilienscout24.de/expose/93407772"
"93403796","AUFGEPASST! KLEIN ABER OHO!","149000","30","1","Hedelfingen, Stuttgart","48.7587812 9.2441075","http://www.immobilienscout24.de/expose/93403796"
"93398444","Einmalige Gelegenheit! Zum Selbstbezug oder eine sehr interessante Kapitalanlage!","229000","63","2","Botnang, Stuttgart","48.7781852 9.1284269","http://www.immobilienscout24.de/expose/93398444"
"93397261","Neubaustandard- 4 Zimmer Maisonettewohnung mit Terrasse PKW Stellplatz - provisionsfrei","635200","159","4","Mühlhausen, Stuttgart","48.8391104 9.2222065","http://www.immobilienscout24.de/expose/93397261"
"93392524","Neubaustandard -4 Zimmerwohnung mit Garten - provisionsfrei","531300","133","4","Mühlhausen, Stuttgart","48.8391104 9.2222065","http://www.immobilienscout24.de/expose/93392524"
"93387991","Gepflegte 3 Zimmer Whg.  mit Sonnen-Terrasse in Stuttgart-Heumaden","254000","82","3","Heumaden, Stuttgart","48.7444841 9.2329917","http://www.immobilienscout24.de/expose/93387991"
"93383016","S/Sillenbuch: Demnächst frisch saniert! 2-Zi.-ETW mit 13 m² Terrasse! Toplage Parkettboden...","225000","56","2","Sillenbuch, Stuttgart","48.7454918 9.2204779","http://www.immobilienscout24.de/expose/93383016"
"93368726","Interessante 25 Zimmer Wohnung mit Aussicht - zum Selbstbezug oder als Kapitalanlage","229000","63","2","Botnang, Stuttgart","48.7781852 9.1284269","http://www.immobilienscout24.de/expose/93368726"
"93357571","* Großes Wohn-/Esszimmer * gute Lage * Stellplatz * 2 Kellerräume","272000","80","3","Ost, Stuttgart","48.7820069 9.2086769","http://www.immobilienscout24.de/expose/93357571"
"93337982","Helle und großzügige 25 Zimmer Wohnung in zentraler Lage im Stuttgarter Westen","355000","68","2","Breitscheidstrasse 119, West, Stuttgart","48.776136 9.1576422","http://www.immobilienscout24.de/expose/93337982"
"93305108","Ihr neues Zuhause lässt keine Wünsche offen - moderne und helle 35-Zimmer-Wohnung!","379000","96","3","Wangen, Stuttgart","48.7745968 9.2364427","http://www.immobilienscout24.de/expose/93305108"
"93294014","Maisonettewohnung zur Kapitalanlage (K-70563-Mit13)","345700","80","3","Mitterwurzerstr. 13, Vaihingen, Stuttgart","48.72619 9.11059","http://www.immobilienscout24.de/expose/93294014"
"93293999","Zur Kapitalanlage im Herzen von S-Vaihingen (K-70563-Mit19)","338900","76","3","Mitterwurzerstr. 19, Vaihingen, Stuttgart","48.72602 9.11027","http://www.immobilienscout24.de/expose/93293999"
"93283168","Ihr Logenplatz in bester Aussichtslage","419000","110","4","Bad Cannstatt, Stuttgart","48.8084576 9.2250355","http://www.immobilienscout24.de/expose/93283168"
"93261847","Klasse - Ich bin im Lehenviertel !","350000","75","3","Süd, Stuttgart","48.7608788 9.1548908","http://www.immobilienscout24.de/expose/93261847"
"93206183","Zentrumsnahe 3 Zimmer-Dachgeschoss-Wohnung","175000","61","3","Mitte, Stuttgart","48.7791249 9.1800904","http://www.immobilienscout24.de/expose/93206183"
"93188565","Großzügige 45-Zimmer-Wohnung mit Weitblick","310000","90","4","Botnang, Stuttgart","48.7781852 9.1284269","http://www.immobilienscout24.de/expose/93188565"
"93182277","Schicke 2 Zimmerwohnung im 2. OG","159500","51","2","Bad Cannstatt, Stuttgart","48.8084576 9.2250355","http://www.immobilienscout24.de/expose/93182277"
"93178853","Gepflegter Garten mit großer Terrasse und 3-Zimmer-Wohnung","530000","116","3","Botnang, Stuttgart","48.7781852 9.1284269","http://www.immobilienscout24.de/expose/93178853"
"93118436","In einer der beliebtesten Wohnlagen von S-WEST - mit 2 Balkonen und einer Einzelgarage !!","388000","80","3","West, Stuttgart","48.7670839 9.1087963","http://www.immobilienscout24.de/expose/93118436"
"93111881","3-Zi-ETW in unverbaubarer und zentraler Stuttgarter Höhenlage Nähe Höhenpark Killesberg mit Blick!","300000","80","3","Nord, Stuttgart","48.7927231 9.1684625","http://www.immobilienscout24.de/expose/93111881"
"93099607","Ruhige 3 Zimmer-Wohnung in gepflegter Wohnanlage in Stuttgart-Gaisburg","190000","57","3","Steinbruchstr. 54, Ost, Stuttgart","48.78032 9.2158","http://www.immobilienscout24.de/expose/93099607"
"93096185","S-West: DG-Wohnung in S-Bahn-Nähe!","255000","60","3","West, Stuttgart","48.7670839 9.1087963","http://www.immobilienscout24.de/expose/93096185"
"93091308","Zum Anbeißen gut !","175000","75","3","Ost, Stuttgart","48.7820069 9.2086769","http://www.immobilienscout24.de/expose/93091308"
"93069918","Großzügige 4-Zimmer-Wohnung in Stuttgart Süd","469000","91","4","Süd, Stuttgart","48.7608788 9.1548908","http://www.immobilienscout24.de/expose/93069918"
"93069361","Hinterhof-Kleinod Wohnen/Arbeiten: gesamtes Gartengeschoss im Heusteigviertel Terrasse 2x TG","599000","110","4","Süd, Stuttgart","48.7608788 9.1548908","http://www.immobilienscout24.de/expose/93069361"
"93054346","Sonne und Frühling im eigenen Zuhause erleben grosszügige 3-Zimmer-Wohnung sofort beziehbar!","499000","101","3","Nord, Stuttgart","48.7927231 9.1684625","http://www.immobilienscout24.de/expose/93054346"
"93009031","4-Zi.-Jugendstil-Wohnung mit 11665 m² in ruhiger Lage Stuttgart-Bad Cannstatt","395000","116","4","Freiligrathstr 30, Bad Cannstatt, Stuttgart","48.8048698 9.2287945","http://www.immobilienscout24.de/expose/93009031"
"93002609","Sehr gepflegte 3- Zimmer Wohnung in Bad Cannstatt","154000","60","3","Bad Cannstatt, Stuttgart","48.8084576 9.2250355","http://www.immobilienscout24.de/expose/93002609"
"93002041","Freiwerdende 4-Zi- Wohnung mit Kleinem Gartenteil mit 10622 m² in Ruhiger Lage","360000","106","4","Freiligrathstr 30, Bad Cannstatt, Stuttgart","48.8048698 9.2287945","http://www.immobilienscout24.de/expose/93002041"
"92992370","Renditestarke Kapitalanlage als Altersvorsoge","105000","27","2","Ost, Stuttgart","48.7820069 9.2086769","http://www.immobilienscout24.de/expose/92992370"
"92992085","60 % verkauft : 2 Zimmer - Wohnung mit Sonnenblk. für Freude am Wohnen in S- Möhringen","324000","64","2","Möhringen, Stuttgart","48.7236185 9.1459902","http://www.immobilienscout24.de/expose/92992085"
"92988386","2 Zimmer-EG-Wohnung mit Gartenanteil und TG-Stellplatz in Stuttgart-Riedenberg","250000","55","2","Käthe-Loewenthal-Str. 12, Riedenberg, Stuttgart","48.7382444 9.2189948","http://www.immobilienscout24.de/expose/92988386"
"92984364","TOP GEPFLEGTES APARTMENT MIT BALKON + TIEFGARAGE","247000","64","2","Plieningen, Stuttgart","48.7087513 9.2052496","http://www.immobilienscout24.de/expose/92984364"
"92972649","LIEBHABEROBJEKT * EINMALIGE GELEGENHEIT !Historisches Gebäude - neuwertige Technik - Toplage","169000","61","2","Rohracker, Stuttgart","48.7597906 9.2315866","http://www.immobilienscout24.de/expose/92972649"
"92929530","167 m² mit Traumblick über Stuttgart","1507000","167","4","West, Stuttgart","48.7670839 9.1087963","http://www.immobilienscout24.de/expose/92929530"
"92929527","Wo Wohnen Spaß macht - flotter Stil und ideal zentral","175000","48","1","Bad Cannstatt, Stuttgart","48.8084576 9.2250355","http://www.immobilienscout24.de/expose/92929527"
"92899576","2 Zi. Altbauwohnung zum Sanieren sofort frei!","195000","47","2","Möhringerstr. 90, Süd, Stuttgart","48.7606045 9.1554935","http://www.immobilienscout24.de/expose/92899576"
"92899445","2 Zi. Altbau Etage mit neuem Balkon","209000","47","2","Süd, Stuttgart","48.7608788 9.1548908","http://www.immobilienscout24.de/expose/92899445"
"92890088","2x2 Zi-Möglichkeit zu einer schönen 4 Zi.Wohnung auszubauen","399000","94","4","Möhringerstr. 90, Süd, Stuttgart","48.7606045 9.1554935","http://www.immobilienscout24.de/expose/92890088"
"92876801","Helle 3 Zimmer mit Balkon und Loggia","287000","65","3","Schönberg, Stuttgart","48.735523 9.2027733","http://www.immobilienscout24.de/expose/92876801"
"92870436","Helle 2-Zimmer-EG-Wohnung mit Balkon + separatem Dachatelier in ruhiger Lage - gute Kapitalanlage","200000","76","2","Heumaden, Stuttgart","48.7444841 9.2329917","http://www.immobilienscout24.de/expose/92870436"
"92868588","2 1/2-Zimmer-Eigentumswohnung in 70378 Stuttgart (Neugereut)","165000","69","2","Neugereut, Stuttgart","48.831797 9.2342978","http://www.immobilienscout24.de/expose/92868588"
"92850777","Kapitalanleger welcome! Zentral gelegene und modernisierte Wohnung im Haus mit Geschichte","185000","62","3","Untertürkheim, Stuttgart","48.7856737 9.2561587","http://www.immobilienscout24.de/expose/92850777"
"92845309","Schöne 4 Zimmerwohnung mit Balkon und TG Stellplatz!","398000","93","4","Bad Cannstatt, Stuttgart","48.8084576 9.2250355","http://www.immobilienscout24.de/expose/92845309"
"92802989","Solide Kapitalanlage: Hell geschnittene 2-Zimmer- Wohnung","190000","74","2","Ost, Stuttgart","48.7820069 9.2086769","http://www.immobilienscout24.de/expose/92802989"
"92797897","- GELEGENHEIT GROSSE 5 ZIMMER WOHNUNG -","429000","130","5","Bad Cannstatt, Stuttgart","48.8084576 9.2250355","http://www.immobilienscout24.de/expose/92797897"
"92793040","Einfach toll wohnen!","590000","104","3","Botnang, Stuttgart","48.7781852 9.1284269","http://www.immobilienscout24.de/expose/92793040"
"92792973","Zauberhafte Dachgeschosswohnung mit Weitsicht!","485000","84","3","Botnang, Stuttgart","48.7781852 9.1284269","http://www.immobilienscout24.de/expose/92792973"
"92792911","Unkomplizierte Kapitalanlage komplett saniert.","219000","42","1","Botnang, Stuttgart","48.7781852 9.1284269","http://www.immobilienscout24.de/expose/92792911"
"92748483","IDEAL für Singles Paare Senioren Kleinfamilien und Kapitalanleger","174000","65","2","Zuffenhausen, Stuttgart","48.8332507 9.1688055","http://www.immobilienscout24.de/expose/92748483"
"92719254","+++ Wohnung-Garten-Garage +++","255000","81","2","Botnang, Stuttgart","48.7781852 9.1284269","http://www.immobilienscout24.de/expose/92719254"
"92716180","* Fernblick trifft moderne Ausstattung *","929000","145","4","Feuerbach, Stuttgart","48.8116009 9.1589461","http://www.immobilienscout24.de/expose/92716180"
"92715828","*** Luxus-Loft mit Fernsehturmblick ***","1200000","198","3","West, Stuttgart","48.7670839 9.1087963","http://www.immobilienscout24.de/expose/92715828"
"92693010","+KILLESBERGHÖHE: Sonnendurchflutetes Penthouse von David Chipperfield mit separatem Mini-Apartment+","1940000","192","5","Am Höhenpark 20, Nord, Stuttgart","48.801326 9.171374","http://www.immobilienscout24.de/expose/92693010"
"92692958","KILLESBERGHÖHE: sun-drenched Penthouse by David Chipperfield with separate mini-apartment","1940000","192","5","Nord, Stuttgart","48.7927231 9.1684625","http://www.immobilienscout24.de/expose/92692958"
"92691156","große WG 117 Quadratmeter Wfl. mit Balkon","395000","116","4","Freiligrathstr. 30, Bad Cannstatt, Stuttgart","48.8048698 9.2287945","http://www.immobilienscout24.de/expose/92691156"
"92673876","ELEGANTER LIFESTYLE IN TRAUMHAFTER AUSSICHTSLAGE ÜBER DEN DÄCHERN VON STUTTGART","1500000","172","4","West, Stuttgart","48.7670839 9.1087963","http://www.immobilienscout24.de/expose/92673876"
"92671608","Erstbezug: Exklusive außergewöhnliche 4-Zi.-Maisonette-Eigentumswohnung im Stuttgarter Westen","794000","119","4","West, Stuttgart","48.7670839 9.1087963","http://www.immobilienscout24.de/expose/92671608"
"92652082","Die Dachgeschoßwohnung !","284000","95","4","Plieningen, Stuttgart","48.7087513 9.2052496","http://www.immobilienscout24.de/expose/92652082"
"92652011","Die Etage !","220000","87","2","Plieningen, Stuttgart","48.7087513 9.2052496","http://www.immobilienscout24.de/expose/92652011"
"92651778","Die interessante Dachgeschoßwohnung !","209000","71","3","Plieningen, Stuttgart","48.7087513 9.2052496","http://www.immobilienscout24.de/expose/92651778"
"92538674","Sonnige 2-Zimmerwohnung mit 2 Balkonen in verkehrsgünstiger und dennoch ruhiger Lage","190000","55","2","Mönchfeld, Stuttgart","48.8431956 9.2187149","http://www.immobilienscout24.de/expose/92538674"
"91880940","Jetzt zugreifen! 4 Zimmer Wohnung in Stuttgart-Ost!","259000","92","4","Ost, Stuttgart","48.7820069 9.2086769","http://www.immobilienscout24.de/expose/91880940"
"91811304","Hier läßt sich`s gut leben","475000","117","4","Möhringen, Stuttgart","48.7236185 9.1459902","http://www.immobilienscout24.de/expose/91811304"
"91773910","Schöne 3-Zimmer-Wohnung in ruhiger Lage!","240000","75","3","Hofen, Stuttgart","48.8319502 9.2166418","http://www.immobilienscout24.de/expose/91773910"
"91772914","Stadtpalais 107","590000","110","4","Reinsburg Straße 107, West, Stuttgart","48.76781 9.15532","http://www.immobilienscout24.de/expose/91772914"
"91651979","2-Zimmer Eigentumswohnung in guter und ruhiger Wohnlage","195000","59","2","Weilimdorf, Stuttgart","48.81418 9.1121079","http://www.immobilienscout24.de/expose/91651979"
"91647039","Erstbezug: großzügige schöne 4-Zimmer-Maisonette-Eigentumswohnung im Stuttgarter Westen","804000","113","4","West, Stuttgart","48.7670839 9.1087963","http://www.immobilienscout24.de/expose/91647039"
"91638936","Gemütliche DG-Wohnung in begehrter Wohnlage","230000","62","2","Bad Cannstatt, Stuttgart","48.8084576 9.2250355","http://www.immobilienscout24.de/expose/91638936"
"91631158","MÜNSTER im Nordosten von Stuttgart direkt am Neckar.","178000","61","2","Münster, Stuttgart","48.8236812 9.2091081","http://www.immobilienscout24.de/expose/91631158"
"91622720","Kapitalanlage mit viel Potential in zentraler Lage!!!","69000","25","1","Weilimdorf, Stuttgart","48.81418 9.1121079","http://www.immobilienscout24.de/expose/91622720"
"91575482","Hochwertige 3-Zimmer Stadtwohnung in Stuttgart-Wangen - PROVISIONSFREI -","499000","87","3","Wangen, Stuttgart","48.7745968 9.2364427","http://www.immobilienscout24.de/expose/91575482"
"91478584","* Stilvolle Wohnung mit zwei Balkonen *","369325","93","3","Riedenberg, Stuttgart","48.7361281 9.2109935","http://www.immobilienscout24.de/expose/91478584"
"91448018","Sonnige Gartenwohnung mit riesigem Garten in ruhiger und grüner Lage von Stuttgart-Zuffenhausen.","379000","159","4","Zuffenhausen, Stuttgart","48.8332507 9.1688055","http://www.immobilienscout24.de/expose/91448018"
"91380609","Ideal für Kapitalanleger: helle 3-Zimmer-Wohnung","325000","77","3","Roter Stich 125, Bad Cannstatt, Stuttgart","48.81796 9.18664","http://www.immobilienscout24.de/expose/91380609"
"91379096","Hier lässt es sich schön Wohnen!","245000","75","3","Birkach, Stuttgart","48.726765 9.2015155","http://www.immobilienscout24.de/expose/91379096"
"91376426","4-Zimmerwohnung mit Balkon und Stellplatz - zum Selbstbezug oder als Kapitalanlage.","185000","73","4","Botnang, Stuttgart","48.7781852 9.1284269","http://www.immobilienscout24.de/expose/91376426"
"91358056","***Erstbezug: 4-Zimmer-Wohnung mit großer Terrasse im 1. Obergeschoss***","739900","106","4","Mitte, Stuttgart","48.7791249 9.1800904","http://www.immobilienscout24.de/expose/91358056"
"91358032","Residieren in moderner Pracht auf 182 m2 WFL wie in Berlin um 1900! 4-ZI-Maisonette über S-West","1450000","182","4","West, Stuttgart","48.7670839 9.1087963","http://www.immobilienscout24.de/expose/91358032"
"91286825","Rarität! Sensationelle Aussichtswohnung in repräsentativer Villa","2900000","212","4","Geißeichstraße 25, West, Stuttgart","48.77148 9.13752","http://www.immobilienscout24.de/expose/91286825"
"91277651","SCHNÄPPCHEN:Gut vermietete Wohnung zur Kapitalanlage!-","79000","42","1","Schmidenerstr. 58, Bad Cannstatt, Stuttgart","48.8105884 9.2227862","http://www.immobilienscout24.de/expose/91277651"
"91160762","Gut geschnittene 4-Zimmer-Dachgeschosswohnung!","220000","70","4","Ost, Stuttgart","48.7820069 9.2086769","http://www.immobilienscout24.de/expose/91160762"
"91091082","2 X 2-Zw vom Eigentümer","360000","90","5","Forststraße 87, West, Stuttgart","48.7778467 9.1576644","http://www.immobilienscout24.de/expose/91091082"
"91084921","***Exklusives Penthouse mit Dachterrasse und Valcucine Küche***","595000","124","2","Robert-Koch-Str. 6, Vaihingen, Stuttgart","48.72835 9.10935","http://www.immobilienscout24.de/expose/91084921"
"90990753","Haus im Haus in Stuttgart Feuerbach","499000","130","6","Feuerbach, Stuttgart","48.8116009 9.1589461","http://www.immobilienscout24.de/expose/90990753"
"90904454","Großzügige 2-Zi.-Wohnung mit 2 Balkonen - TOP-ZUSTAND","339000","70","2","West, Stuttgart","48.7670839 9.1087963","http://www.immobilienscout24.de/expose/90904454"
"90817218","Helle Wohnung mit top Anbindung und eigenem Garten","299000","79","2","Sonnenberg, Stuttgart","48.7460716 9.1500783","http://www.immobilienscout24.de/expose/90817218"
"90796577","Privatverkauf einer gepflegten 3 Zimmer Wohnung","215000","68","3","Aspergstraße 42, Ost, Stuttgart","48.7754663 9.2030065","http://www.immobilienscout24.de/expose/90796577"
"90796383","Top 2 Zimmer Wohnung sofort bezugsfrei","219000","68","2","Rot, Stuttgart","48.8339645 9.1915555","http://www.immobilienscout24.de/expose/90796383"
"90516964","***Exklusiv ausgestattes Loft in Stuttgart-Ost***","1200000","190","3","Ost, Stuttgart","48.7820069 9.2086769","http://www.immobilienscout24.de/expose/90516964"
"90511314","Gepflegte helle 3-Zimmer-Wohnung mit Balkon und Garage in Stuttgart-Obertürkheim","274000","78","3","Wittenbergstr. 5, Obertürkheim, Stuttgart","48.7633346 9.267902","http://www.immobilienscout24.de/expose/90511314"
"90413491","Seltenheit! Hohe Decken viel Stuck... Altbauetage im beliebten Westen","783000","175","5","West, Stuttgart","48.7670839 9.1087963","http://www.immobilienscout24.de/expose/90413491"
"90245358","Urbanes Loft-Style-Living im Stuttgarter Westen","980000","187","4","West, Stuttgart","48.7670839 9.1087963","http://www.immobilienscout24.de/expose/90245358"
"90245053","Urbanes Loft-Style-Living im Stuttgarter Westen","690000","162","3","West, Stuttgart","48.7670839 9.1087963","http://www.immobilienscout24.de/expose/90245053"
"90208881","Kapitalanlage - Vermietete 35-Zimmerwohnung in begehrter HHL von S-Ost","425000","0","3","Neue Straße 137, Ost, Stuttgart","48.7710252 9.2083197","http://www.immobilienscout24.de/expose/90208881"
"90180440","Privatverkauf einer kernsanierten 3 Zimmer Wohnung","300000","70","3","Beethovenstraße 56, Botnang, Stuttgart","48.7745987 9.1335987","http://www.immobilienscout24.de/expose/90180440"
"90089818","Eigentumswohnung DG-Maisonette ca. 163 m² in einer exklusiven Stadtvilla in Stuttgart Gänsheide","1998000","163","3","Mitte, Stuttgart","48.7791249 9.1800904","http://www.immobilienscout24.de/expose/90089818"
"90002146","Schöne 3-Zimmer EG-Wohnung","144000","55","3","Benzstr. 31/1, Untertürkheim, Stuttgart","48.78271 9.24735","http://www.immobilienscout24.de/expose/90002146"
"89937869","Schicker Grundriss - flotter Stil","344800","77","3","Ost, Stuttgart","48.7820069 9.2086769","http://www.immobilienscout24.de/expose/89937869"
"89917683","Repräsentative 3-4  Zimmer Wohnung mit Aussenstellplatz!","549000","121","3","Süd, Stuttgart","48.7608788 9.1548908","http://www.immobilienscout24.de/expose/89917683"
"89856294","***Dachgeschoss-Maisonette-Wohnung mit traumhaftem Ausblick am Lederberg***","440000","73","3","Heumaden, Stuttgart","48.7444841 9.2329917","http://www.immobilienscout24.de/expose/89856294"
"89855998","***Moderne Obergeschoss-Etage mit zwei Balkonen am Lederberg***","830000","150","4","Heumaden, Stuttgart","48.7444841 9.2329917","http://www.immobilienscout24.de/expose/89855998"
"89855750","***2-Zimmer-Obergeschoss-Wohnung mit tollem Ausblick am Lederberg***","375000","67","2","Heumaden, Stuttgart","48.7444841 9.2329917","http://www.immobilienscout24.de/expose/89855750"
"89855483","***3-Zimmer-Obergeschoss-Wohnung mit Blick ins Grüne am Lederberg***","455000","82","3","Heumaden, Stuttgart","48.7444841 9.2329917","http://www.immobilienscout24.de/expose/89855483"
"89813637","60 % verkauft : 2 Zimmer Wohnung im Dachgeschoß für Freude am Wohnen in S- Möhringen","269200","51","2","Möhringen, Stuttgart","48.7236185 9.1459902","http://www.immobilienscout24.de/expose/89813637"
"89752436","Sehr gepflegte 3-Zimmer-Eigentumswohnung in Bad Cannstatt","235000","71","3","Bad Cannstatt, Stuttgart","48.8084576 9.2250355","http://www.immobilienscout24.de/expose/89752436"
"89734152","Schick zum Wohnen sicher als Anlage: Maisonette mit Fernsicht im Rosensteinviertel","397000","82","3","Nord, Stuttgart","48.7927231 9.1684625","http://www.immobilienscout24.de/expose/89734152"
"89723523","Bestens renovierte 35 Zimmer Maisonette-Wohnung mit dem besonderen Flair","409000","117","3","Bad Cannstatt, Stuttgart","48.8084576 9.2250355","http://www.immobilienscout24.de/expose/89723523"
"89687400","Urbanes Loft-Style-Living im Stuttgarter Westen","1200000","171","3","West, Stuttgart","48.7670839 9.1087963","http://www.immobilienscout24.de/expose/89687400"
"89687329","Urbanes Loft-Style-Living im Stuttgarter Westen","1290000","170","3","West, Stuttgart","48.7670839 9.1087963","http://www.immobilienscout24.de/expose/89687329"
"89642027","Maisonette-Wohnung 117 m2 zu verkaufen stuttgart Bad Cannstatt","409000","117","4","Bad Cannstatt, Stuttgart","48.8084576 9.2250355","http://www.immobilienscout24.de/expose/89642027"
"89587000","gepflegte 3-Zi-Whg in Untertürkheim","299000","71","3","Untertürkheim, Stuttgart","48.7856737 9.2561587","http://www.immobilienscout24.de/expose/89587000"
"89516387","Aussichtslage im Stuttgarter-Westen","1257000","151","4","West, Stuttgart","48.7670839 9.1087963","http://www.immobilienscout24.de/expose/89516387"
"89454765","Erstbezug: Stylische 3-4-Zimmer-Maisonette-Eigentums-wohnung im Herzen des Stuttgarter Westens","842000","117","3","West, Stuttgart","48.7670839 9.1087963","http://www.immobilienscout24.de/expose/89454765"
"89281096","***Exklusiver Wohnkomfort: 2-Zimmer-Penthouse-Wohnung in absoluter Aussichtslage von Stuttgart***","858000","101","2","Nord, Stuttgart","48.7927231 9.1684625","http://www.immobilienscout24.de/expose/89281096"
"89114151","Denkmalgeschützte 3-Zimmer-Altbauwohnung in Stuttgart","360000","80","3","Süd, Stuttgart","48.7608788 9.1548908","http://www.immobilienscout24.de/expose/89114151"
"89048709","Zentrales luxuriöses und barrierefreies Wohnen in Stuttgart-Möhringen","1060000","170","4","Möhringen, Stuttgart","48.7236185 9.1459902","http://www.immobilienscout24.de/expose/89048709"
"88897062","Das Haus im Haus- eine ganz besondere Wohnung mit viel Licht und noch mehr Charme","719000","140","5","Heumaden, Stuttgart","48.7444841 9.2329917","http://www.immobilienscout24.de/expose/88897062"
"88706265","Stuttgart Nord - Killesberg: Top Höhen-Aussichtslage schöner Sonnenuntergang vor den Weinbergen","1580500","145","4","Feuerbach, Stuttgart","48.8116009 9.1589461","http://www.immobilienscout24.de/expose/88706265"
"88606933","TOP-WOHNLAGE im Stuttgarter Westen","799800","109","4","West, Stuttgart","48.7670839 9.1087963","http://www.immobilienscout24.de/expose/88606933"
"88465241","Die tolle Terrassenwohnung mit Garten !","273000","91","3","Plieningen, Stuttgart","48.7087513 9.2052496","http://www.immobilienscout24.de/expose/88465241"
"88377525","+++NAHE MILANEO+++TOP GEPFLEGT+++PARKETT & FLIESEN+++SCHÖNE TERRASSE+++AUFZUG+++HMS+++ETC+++FREI+++","259000","51","2","Rosensteinstr. 31, Nord, Stuttgart","48.7951112 9.193425","http://www.immobilienscout24.de/expose/88377525"
"87903455","Perfektes Raumkonzept im Maisonette-Stil","263700","66","3","Ost, Stuttgart","48.7820069 9.2086769","http://www.immobilienscout24.de/expose/87903455"
"87902929","Jetzt günstige Zinsen nutzen!","131300","28","1","Ost, Stuttgart","48.7820069 9.2086769","http://www.immobilienscout24.de/expose/87902929"
"87891327","Ihre persönliche Oase - Penthousewohnung im Stuttgarter-Westen","1950000","208","5","West, Stuttgart","48.7670839 9.1087963","http://www.immobilienscout24.de/expose/87891327"
"87013549","Objekt in der Stuttgarter City Provisionsfrei sehr gefragte Lage in der Bebelstraße","212500","50","2","Bebelstraße 85A, West, Stuttgart","48.7746167 9.147478","http://www.immobilienscout24.de/expose/87013549"
"86749105","2-ZIMMER-WOHNUNG IM LEHENVIERTEL!","199000","55","2","Süd, Stuttgart","48.7608788 9.1548908","http://www.immobilienscout24.de/expose/86749105"
"86748445","SCHÖNE 2 ZIMMER EG-WOHNUNG IM SÜDEN !","170000","45","2","Süd, Stuttgart","48.7608788 9.1548908","http://www.immobilienscout24.de/expose/86748445"
"86239458","Wohnen mit Aussicht im beliebten Stuttgarter Westen! Gut ausgestattete 4-Zimmer Wohnung!","349000","85","4","West, Stuttgart","48.7670839 9.1087963","http://www.immobilienscout24.de/expose/86239458"
"84868875","Sanierte 2-Zimmer-Whg.Bad Cannstatt EBK ohne Maklerprov.","139000","54","2","Schmidenerstr. 164, Bad Cannstatt, Stuttgart","48.8138304 9.2332157","http://www.immobilienscout24.de/expose/84868875"
"84398660","Stuttgart. Nähe Robert Bosch Krankenhaus. Dachgeschoß-ETW mit großer Terrasse","779000","143","5","Roter Stich 10 - 24, Zuffenhausen, Stuttgart","48.8260738 9.190729","http://www.immobilienscout24.de/expose/84398660"
"84398026","Stuttgart. Nähe Robert Bosch Krankenhaus. Dachgeschoss-ETW","469000","84","3","Roter Stich 10 - 24, Zuffenhausen, Stuttgart","48.8260738 9.190729","http://www.immobilienscout24.de/expose/84398026"
"84202048","3 Zimmer Appartment über den Dächern Stuttgarts","599999","74","3","Mitte, Stuttgart","48.7791249 9.1800904","http://www.immobilienscout24.de/expose/84202048"
"84130922","STILVOLLE 35 Zimmer Maisonette-Wohnung direkt in Bad Cannstatt","410000","117","3","Bad Cannstatt, Stuttgart","48.8084576 9.2250355","http://www.immobilienscout24.de/expose/84130922"
"83894901","3-Zimmer Wohnung in Fasanenhof *Kapitalanlage*","199000","80","3","Fasanenhof, Stuttgart","48.7113978 9.1564367","http://www.immobilienscout24.de/expose/83894901"
"82578294","Lokaler Marktplatz - Biete barrierefreie 4-Zi.-OG-Wohnung mit 2 Balkonen für Haus/Whg. mit Garten","400000","87","4","Ost, Stuttgart","48.7820069 9.2086769","http://www.immobilienscout24.de/expose/82578294"
"81178587","Gut Vermietete 35 Zimmer Wohnung in Stuttgart -Ost **Privatverkauf**","349000","94","3","Ost, Stuttgart","48.7820069 9.2086769","http://www.immobilienscout24.de/expose/81178587"
"80375960","DAS ROSENBERG.........das Beste was Stuttgart zurzeit zu bieten hat !","608400","97","3","West, Stuttgart","48.7670839 9.1087963","http://www.immobilienscout24.de/expose/80375960"
"80241462","Das HIGHLIGHT im Stuttgarter Westen","569500","84","3","West, Stuttgart","48.7670839 9.1087963","http://www.immobilienscout24.de/expose/80241462"
"78638970","Im Einklang mit der Natur","950000","150","4","Heumaden, Stuttgart","48.7444841 9.2329917","http://www.immobilienscout24.de/expose/78638970"
"78565951","Das Rosenberg - Urbanerleben im Westen","567600","84","3","West, Stuttgart","48.7670839 9.1087963","http://www.immobilienscout24.de/expose/78565951"
"65776710","Vermietete zentral gelegene Eigentumswohnung - nur an Kapitalanleger!","94000","36","1","Rot, Stuttgart","48.8339645 9.1915555","http://www.immobilienscout24.de/expose/65776710"
"94463094","Eigentumswohnung in einem gepflegten 7-Familienhaus","262900","99","4","Daimlerstr. 15, Korntal-Münchingen, Ludwigsburg (Kreis)","48.8467686 9.1320936","http://www.immobilienscout24.de/expose/94463094"
"94463088","Eigentumswohnung in einem gepflegten 7-Familienhaus","224900","98","3","Daimlerstr. 15, Korntal-Münchingen, Ludwigsburg (Kreis)","48.8467686 9.1320936","http://www.immobilienscout24.de/expose/94463088"
"94463086","Eigentumswohnung in einem gepflegten 7-Familienhaus","221900","69","3","Daimlerstr. 15, Korntal-Münchingen, Ludwigsburg (Kreis)","48.8467686 9.1320936","http://www.immobilienscout24.de/expose/94463086"
"86749105","2-ZIMMER-WOHNUNG IM LEHENVIERTEL!","199000","55","2","Süd, Stuttgart","48.7608788 9.1548908","http://www.immobilienscout24.de/expose/86749105"
"86748445","SCHÖNE 2 ZIMMER EG-WOHNUNG IM SÜDEN !","170000","45","2","Süd, Stuttgart","48.7608788 9.1548908","http://www.immobilienscout24.de/expose/86748445"
"86239458","Wohnen mit Aussicht im beliebten Stuttgarter Westen! Gut ausgestattete 4-Zimmer Wohnung!","349000","85","4","West, Stuttgart","48.7670839 9.1087963","http://www.immobilienscout24.de/expose/86239458"
"84868875","Sanierte 2-Zimmer-Whg.Bad Cannstatt EBK ohne Maklerprov.","139000","54","2","Schmidenerstr. 164, Bad Cannstatt, Stuttgart","48.8138304 9.2332157","http://www.immobilienscout24.de/expose/84868875"
"84398660","Stuttgart. Nähe Robert Bosch Krankenhaus. Dachgeschoß-ETW mit großer Terrasse","779000","143","5","Roter Stich 10 - 24, Zuffenhausen, Stuttgart","48.8260738 9.190729","http://www.immobilienscout24.de/expose/84398660"
"84398026","Stuttgart. Nähe Robert Bosch Krankenhaus. Dachgeschoss-ETW","469000","84","3","Roter Stich 10 - 24, Zuffenhausen, Stuttgart","48.8260738 9.190729","http://www.immobilienscout24.de/expose/84398026"
"84202048","3 Zimmer Appartment über den Dächern Stuttgarts","599999","74","3","Mitte, Stuttgart","48.7791249 9.1800904","http://www.immobilienscout24.de/expose/84202048"
"84130922","STILVOLLE 35 Zimmer Maisonette-Wohnung direkt in Bad Cannstatt","410000","117","3","Bad Cannstatt, Stuttgart","48.8084576 9.2250355","http://www.immobilienscout24.de/expose/84130922"
"83894901","3-Zimmer Wohnung in Fasanenhof *Kapitalanlage*","199000","80","3","Fasanenhof, Stuttgart","48.7113978 9.1564367","http://www.immobilienscout24.de/expose/83894901"
"82578294","Lokaler Marktplatz - Biete barrierefreie 4-Zi.-OG-Wohnung mit 2 Balkonen für Haus/Whg. mit Garten","400000","87","4","Ost, Stuttgart","48.7820069 9.2086769","http://www.immobilienscout24.de/expose/82578294"
"81178587","Gut Vermietete 35 Zimmer Wohnung in Stuttgart -Ost **Privatverkauf**","349000","94","3","Ost, Stuttgart","48.7820069 9.2086769","http://www.immobilienscout24.de/expose/81178587"
"80375960","DAS ROSENBERG.........das Beste was Stuttgart zurzeit zu bieten hat !","608400","97","3","West, Stuttgart","48.7670839 9.1087963","http://www.immobilienscout24.de/expose/80375960"
"80241462","Das HIGHLIGHT im Stuttgarter Westen","569500","84","3","West, Stuttgart","48.7670839 9.1087963","http://www.immobilienscout24.de/expose/80241462"
"78638970","Im Einklang mit der Natur","950000","150","4","Heumaden, Stuttgart","48.7444841 9.2329917","http://www.immobilienscout24.de/expose/78638970"
"78565951","Das Rosenberg - Urbanerleben im Westen","567600","84","3","West, Stuttgart","48.7670839 9.1087963","http://www.immobilienscout24.de/expose/78565951"
"65776710","Vermietete zentral gelegene Eigentumswohnung - nur an Kapitalanleger!","94000","36","1","Rot, Stuttgart","48.8339645 9.1915555","http://www.immobilienscout24.de/expose/65776710"
"94463079","Eigentumswohnung in einem gepflegten 7-Familienhaus","258300","85","4","Daimlerstr. 15, Korntal-Münchingen, Ludwigsburg (Kreis)","48.8467686 9.1320936","http://www.immobilienscout24.de/expose/94463079"
"94462684","Sindelfingen-Goldberg: 2-Zimmer-Wohnung und TG-Stellplatz für Kapitalanleger","128000","58","2","Sindelfingen, Böblingen (Kreis)","48.7074558 9.0044053","http://www.immobilienscout24.de/expose/94462684"
"94461994","Schöne drei Zimmer Wohnung in Rems-Murr-Kreis Schorndorf","229000","72","3","Schorndorf, Rems-Murr-Kreis","48.8015423 9.52962","http://www.immobilienscout24.de/expose/94461994"
"86749105","2-ZIMMER-WOHNUNG IM LEHENVIERTEL!","199000","55","2","Süd, Stuttgart","48.7608788 9.1548908","http://www.immobilienscout24.de/expose/86749105"
"86748445","SCHÖNE 2 ZIMMER EG-WOHNUNG IM SÜDEN !","170000","45","2","Süd, Stuttgart","48.7608788 9.1548908","http://www.immobilienscout24.de/expose/86748445"
"86239458","Wohnen mit Aussicht im beliebten Stuttgarter Westen! Gut ausgestattete 4-Zimmer Wohnung!","349000","85","4","West, Stuttgart","48.7670839 9.1087963","http://www.immobilienscout24.de/expose/86239458"
"84868875","Sanierte 2-Zimmer-Whg.Bad Cannstatt EBK ohne Maklerprov.","139000","54","2","Schmidenerstr. 164, Bad Cannstatt, Stuttgart","48.8138304 9.2332157","http://www.immobilienscout24.de/expose/84868875"
"84398660","Stuttgart. Nähe Robert Bosch Krankenhaus. Dachgeschoß-ETW mit großer Terrasse","779000","143","5","Roter Stich 10 - 24, Zuffenhausen, Stuttgart","48.8260738 9.190729","http://www.immobilienscout24.de/expose/84398660"
"84398026","Stuttgart. Nähe Robert Bosch Krankenhaus. Dachgeschoss-ETW","469000","84","3","Roter Stich 10 - 24, Zuffenhausen, Stuttgart","48.8260738 9.190729","http://www.immobilienscout24.de/expose/84398026"
"84202048","3 Zimmer Appartment über den Dächern Stuttgarts","599999","74","3","Mitte, Stuttgart","48.7791249 9.1800904","http://www.immobilienscout24.de/expose/84202048"
"84130922","STILVOLLE 35 Zimmer Maisonette-Wohnung direkt in Bad Cannstatt","410000","117","3","Bad Cannstatt, Stuttgart","48.8084576 9.2250355","http://www.immobilienscout24.de/expose/84130922"
"83894901","3-Zimmer Wohnung in Fasanenhof *Kapitalanlage*","199000","80","3","Fasanenhof, Stuttgart","48.7113978 9.1564367","http://www.immobilienscout24.de/expose/83894901"
"82578294","Lokaler Marktplatz - Biete barrierefreie 4-Zi.-OG-Wohnung mit 2 Balkonen für Haus/Whg. mit Garten","400000","87","4","Ost, Stuttgart","48.7820069 9.2086769","http://www.immobilienscout24.de/expose/82578294"
"81178587","Gut Vermietete 35 Zimmer Wohnung in Stuttgart -Ost **Privatverkauf**","349000","94","3","Ost, Stuttgart","48.7820069 9.2086769","http://www.immobilienscout24.de/expose/81178587"
"80375960","DAS ROSENBERG.........das Beste was Stuttgart zurzeit zu bieten hat !","608400","97","3","West, Stuttgart","48.7670839 9.1087963","http://www.immobilienscout24.de/expose/80375960"
"80241462","Das HIGHLIGHT im Stuttgarter Westen","569500","84","3","West, Stuttgart","48.7670839 9.1087963","http://www.immobilienscout24.de/expose/80241462"
"78638970","Im Einklang mit der Natur","950000","150","4","Heumaden, Stuttgart","48.7444841 9.2329917","http://www.immobilienscout24.de/expose/78638970"
"78565951","Das Rosenberg - Urbanerleben im Westen","567600","84","3","West, Stuttgart","48.7670839 9.1087963","http://www.immobilienscout24.de/expose/78565951"
"65776710","Vermietete zentral gelegene Eigentumswohnung - nur an Kapitalanleger!","94000","36","1","Rot, Stuttgart","48.8339645 9.1915555","http://www.immobilienscout24.de/expose/65776710"
"94461907","Großzügige und gut geschnittene Eigentumswohnung - Leerstehend","175100","65","2","Withaustraße 7/6, Korntal-Münchingen, Ludwigsburg (Kreis)","48.84803 9.13183","http://www.immobilienscout24.de/expose/94461907"
"94461877","Großzügige und gut geschnittene Eigentumswohnung","144500","55","2","Stammheimer Str. 32/1, Korntal-Münchingen, Ludwigsburg (Kreis)","48.84831 9.13187","http://www.immobilienscout24.de/expose/94461877"
"94461582","Markgröningen..................So schön kann wohnen sein","225000","68","2","Markgröningen, Ludwigsburg (Kreis)","48.903478 9.0865389","http://www.immobilienscout24.de/expose/94461582"
"86749105","2-ZIMMER-WOHNUNG IM LEHENVIERTEL!","199000","55","2","Süd, Stuttgart","48.7608788 9.1548908","http://www.immobilienscout24.de/expose/86749105"
"86748445","SCHÖNE 2 ZIMMER EG-WOHNUNG IM SÜDEN !","170000","45","2","Süd, Stuttgart","48.7608788 9.1548908","http://www.immobilienscout24.de/expose/86748445"
"86239458","Wohnen mit Aussicht im beliebten Stuttgarter Westen! Gut ausgestattete 4-Zimmer Wohnung!","349000","85","4","West, Stuttgart","48.7670839 9.1087963","http://www.immobilienscout24.de/expose/86239458"
"84868875","Sanierte 2-Zimmer-Whg.Bad Cannstatt EBK ohne Maklerprov.","139000","54","2","Schmidenerstr. 164, Bad Cannstatt, Stuttgart","48.8138304 9.2332157","http://www.immobilienscout24.de/expose/84868875"
"84398660","Stuttgart. Nähe Robert Bosch Krankenhaus. Dachgeschoß-ETW mit großer Terrasse","779000","143","5","Roter Stich 10 - 24, Zuffenhausen, Stuttgart","48.8260738 9.190729","http://www.immobilienscout24.de/expose/84398660"
"84398026","Stuttgart. Nähe Robert Bosch Krankenhaus. Dachgeschoss-ETW","469000","84","3","Roter Stich 10 - 24, Zuffenhausen, Stuttgart","48.8260738 9.190729","http://www.immobilienscout24.de/expose/84398026"
"84202048","3 Zimmer Appartment über den Dächern Stuttgarts","599999","74","3","Mitte, Stuttgart","48.7791249 9.1800904","http://www.immobilienscout24.de/expose/84202048"
"84130922","STILVOLLE 35 Zimmer Maisonette-Wohnung direkt in Bad Cannstatt","410000","117","3","Bad Cannstatt, Stuttgart","48.8084576 9.2250355","http://www.immobilienscout24.de/expose/84130922"
"83894901","3-Zimmer Wohnung in Fasanenhof *Kapitalanlage*","199000","80","3","Fasanenhof, Stuttgart","48.7113978 9.1564367","http://www.immobilienscout24.de/expose/83894901"
"82578294","Lokaler Marktplatz - Biete barrierefreie 4-Zi.-OG-Wohnung mit 2 Balkonen für Haus/Whg. mit Garten","400000","87","4","Ost, Stuttgart","48.7820069 9.2086769","http://www.immobilienscout24.de/expose/82578294"
"81178587","Gut Vermietete 35 Zimmer Wohnung in Stuttgart -Ost **Privatverkauf**","349000","94","3","Ost, Stuttgart","48.7820069 9.2086769","http://www.immobilienscout24.de/expose/81178587"
"80375960","DAS ROSENBERG.........das Beste was Stuttgart zurzeit zu bieten hat !","608400","97","3","West, Stuttgart","48.7670839 9.1087963","http://www.immobilienscout24.de/expose/80375960"
"80241462","Das HIGHLIGHT im Stuttgarter Westen","569500","84","3","West, Stuttgart","48.7670839 9.1087963","http://www.immobilienscout24.de/expose/80241462"
"78638970","Im Einklang mit der Natur","950000","150","4","Heumaden, Stuttgart","48.7444841 9.2329917","http://www.immobilienscout24.de/expose/78638970"
"78565951","Das Rosenberg - Urbanerleben im Westen","567600","84","3","West, Stuttgart","48.7670839 9.1087963","http://www.immobilienscout24.de/expose/78565951"
"65776710","Vermietete zentral gelegene Eigentumswohnung - nur an Kapitalanleger!","94000","36","1","Rot, Stuttgart","48.8339645 9.1915555","http://www.immobilienscout24.de/expose/65776710"
"94461230","Kapitalanleger aufgepasst: Zentral und doch ruhig!","145000","60","2","Robert-Koch-Straße 20, Leonberg, Böblingen (Kreis)","48.7965179 9.0097775","http://www.immobilienscout24.de/expose/94461230"
"94460225","Kapitalanleger aufgepasst - attraktive Wohnung in Zentrumsnähe","200000","67","3","Leonberg, Böblingen (Kreis)","48.7960447 9.0095706","http://www.immobilienscout24.de/expose/94460225"
"94459860","Gemütliche Erdgeschoss-Wohnung","325000","87","3","Filderstadt, Esslingen (Kreis)","48.6781974 9.2161353","http://www.immobilienscout24.de/expose/94459860"
"86749105","2-ZIMMER-WOHNUNG IM LEHENVIERTEL!","199000","55","2","Süd, Stuttgart","48.7608788 9.1548908","http://www.immobilienscout24.de/expose/86749105"
"86748445","SCHÖNE 2 ZIMMER EG-WOHNUNG IM SÜDEN !","170000","45","2","Süd, Stuttgart","48.7608788 9.1548908","http://www.immobilienscout24.de/expose/86748445"
"86239458","Wohnen mit Aussicht im beliebten Stuttgarter Westen! Gut ausgestattete 4-Zimmer Wohnung!","349000","85","4","West, Stuttgart","48.7670839 9.1087963","http://www.immobilienscout24.de/expose/86239458"
"84868875","Sanierte 2-Zimmer-Whg.Bad Cannstatt EBK ohne Maklerprov.","139000","54","2","Schmidenerstr. 164, Bad Cannstatt, Stuttgart","48.8138304 9.2332157","http://www.immobilienscout24.de/expose/84868875"
"84398660","Stuttgart. Nähe Robert Bosch Krankenhaus. Dachgeschoß-ETW mit großer Terrasse","779000","143","5","Roter Stich 10 - 24, Zuffenhausen, Stuttgart","48.8260738 9.190729","http://www.immobilienscout24.de/expose/84398660"
"84398026","Stuttgart. Nähe Robert Bosch Krankenhaus. Dachgeschoss-ETW","469000","84","3","Roter Stich 10 - 24, Zuffenhausen, Stuttgart","48.8260738 9.190729","http://www.immobilienscout24.de/expose/84398026"
"84202048","3 Zimmer Appartment über den Dächern Stuttgarts","599999","74","3","Mitte, Stuttgart","48.7791249 9.1800904","http://www.immobilienscout24.de/expose/84202048"
"84130922","STILVOLLE 35 Zimmer Maisonette-Wohnung direkt in Bad Cannstatt","410000","117","3","Bad Cannstatt, Stuttgart","48.8084576 9.2250355","http://www.immobilienscout24.de/expose/84130922"
"83894901","3-Zimmer Wohnung in Fasanenhof *Kapitalanlage*","199000","80","3","Fasanenhof, Stuttgart","48.7113978 9.1564367","http://www.immobilienscout24.de/expose/83894901"
"82578294","Lokaler Marktplatz - Biete barrierefreie 4-Zi.-OG-Wohnung mit 2 Balkonen für Haus/Whg. mit Garten","400000","87","4","Ost, Stuttgart","48.7820069 9.2086769","http://www.immobilienscout24.de/expose/82578294"
"81178587","Gut Vermietete 35 Zimmer Wohnung in Stuttgart -Ost **Privatverkauf**","349000","94","3","Ost, Stuttgart","48.7820069 9.2086769","http://www.immobilienscout24.de/expose/81178587"
"80375960","DAS ROSENBERG.........das Beste was Stuttgart zurzeit zu bieten hat !","608400","97","3","West, Stuttgart","48.7670839 9.1087963","http://www.immobilienscout24.de/expose/80375960"
"80241462","Das HIGHLIGHT im Stuttgarter Westen","569500","84","3","West, Stuttgart","48.7670839 9.1087963","http://www.immobilienscout24.de/expose/80241462"
"78638970","Im Einklang mit der Natur","950000","150","4","Heumaden, Stuttgart","48.7444841 9.2329917","http://www.immobilienscout24.de/expose/78638970"
"78565951","Das Rosenberg - Urbanerleben im Westen","567600","84","3","West, Stuttgart","48.7670839 9.1087963","http://www.immobilienscout24.de/expose/78565951"
"65776710","Vermietete zentral gelegene Eigentumswohnung - nur an Kapitalanleger!","94000","36","1","Rot, Stuttgart","48.8339645 9.1915555","http://www.immobilienscout24.de/expose/65776710"
"94459726","Mitten in Marbach - Schöne 4-Zimmer-Wohnung","289000","96","4","Marbach am Neckar, Ludwigsburg (Kreis)","48.939615 9.2645971","http://www.immobilienscout24.de/expose/94459726"
"94458896","Kapitalanlage oder Selbstbezug! Gemütliche 2-Zi.-Whg mit Balkon","119000","48","1","Südstrasse 95, Backnang, Rems-Murr-Kreis","48.93941 9.42727","http://www.immobilienscout24.de/expose/94458896"
"94458165","Für Kapitalanleger: Vermietete 15-Zimmer-Wohnung mit Terrasse","99000","43","1","Wendlingen am Neckar, Esslingen (Kreis)","48.671757 9.3827676","http://www.immobilienscout24.de/expose/94458165"
